Timestamp,Water_Temperature_C,Water_Level_m,Air_Pressure_hPa,Altitude_m,Seismic_Activity_Richter,Rainfall_mm,Air_Temperature_C,Water_Flow_Rate_m3s,Humidity_percent,Turbidity_NTU,Prediction
2025-04-12 18:10:24,5.0,5.5,775.0,5200,0.5,50.0,5.0,2.0,70.0,25.0,0
2025-04-12 18:10:45,15.0,55.5,775.0,5200,0.5,150.0,5.0,2.0,0.0,25.0,1
2025-04-12 18:14:38,5.0,5.5,775.0,5200,0.5,50.0,5.0,2.0,70.0,25.0,0
2025-04-24 15:31:22,5.0,5.5,775.0,5200,0.5,50.0,5.0,2.0,70.0,25.0,0
2025-04-24 15:31:26,5.0,5.5,775.0,5200,0.5,50.0,5.0,2.0,70.0,25.0,0
2025-04-24 15:31:50,4.28,3.32,768.64,5200,0.61,49.2,-2.33,2.04,64.47,47.11,1
2025-04-24 15:31:55,6.78,4.59,780.53,5200,2.22,86.09,14.76,2.55,82.73,75.45,1
2025-04-24 15:31:58,4.13,4.11,787.52,5200,1.71,112.89,4.03,2.12,72.47,37.62,0
2025-04-24 15:32:01,5.83,6.82,764.44,5200,1.58,30.86,10.06,2.49,66.01,12.33,0
2025-04-24 15:32:04,3.78,3.08,783.71,5200,2.26,97.81,14.19,3.82,60.29,22.5,0
2025-04-24 15:32:07,2.46,5.89,779.65,5200,2.47,89.32,4.88,3.53,58.04,24.88,0
2025-04-24 15:32:11,2.28,4.54,763.37,5200,2.72,106.33,-2.75,1.28,77.32,16.87,0
2025-04-24 15:32:14,2.48,3.63,766.98,5200,2.48,66.71,14.15,1.39,95.55,54.63,1
2025-04-24 15:32:17,7.02,3.6,777.23,5200,1.27,86.07,12.57,3.82,99.39,74.66,1
2025-04-24 15:32:20,2.29,3.05,768.62,5200,2.19,119.83,-2.43,1.52,54.76,37.34,0
2025-04-24 15:32:23,4.51,4.52,761.21,5200,0.82,103.16,-3.21,1.54,69.39,79.07,1
2025-04-24 15:32:26,4.19,3.07,776.19,5200,0.33,67.81,1.52,2.65,62.22,24.26,0
2025-04-24 15:32:29,5.88,4.97,785.31,5200,2.32,71.65,-4.07,3.18,51.29,46.14,1
2025-04-24 15:32:32,2.44,3.1,785.63,5200,1.3,104.05,12.56,3.36,57.63,33.58,0
2025-04-24 15:32:36,5.61,3.82,779.28,5200,1.71,138.79,1.02,2.94,73.14,46.37,1
2025-04-24 15:32:39,4.97,4.16,780.91,5200,2.71,138.32,-2.9,3.08,87.46,29.2,0
2025-04-24 15:32:42,6.9,6.49,783.49,5200,1.71,77.56,1.48,1.05,61.94,50.6,1
2025-04-24 15:32:45,4.1,4.31,763.12,5200,1.01,126.17,-3.39,4.26,83.34,54.93,1
2025-04-24 15:32:48,2.34,4.39,780.09,5200,0.66,120.16,8.36,3.96,56.93,43.7,0
2025-04-24 15:32:51,6.86,6.98,769.07,5200,0.23,110.41,3.01,3.92,88.88,43.58,1
2025-04-24 15:32:54,2.96,5.1,773.55,5200,2.88,40.11,12.58,1.61,84.81,13.25,0
2025-04-24 15:32:57,7.18,3.08,771.08,5200,2.8,139.36,8.93,3.5,89.28,24.09,0
2025-04-24 15:33:00,3.66,4.92,767.34,5200,2.36,129.28,-3.28,4.03,58.98,71.01,1
2025-04-24 15:33:04,4.35,6.36,774.9,5200,1.29,103.15,-2.13,2.13,56.47,33.45,0
2025-04-24 15:33:07,4.42,5.07,771.35,5200,1.1,62.45,5.59,4.06,62.36,28.08,0
2025-04-24 15:33:10,7.49,4.41,774.92,5200,2.5,121.56,9.24,2.73,75.83,29.09,0
2025-04-24 15:33:13,3.77,4.13,785.98,5200,2.5,84.63,-0.88,4.47,61.28,76.2,1
2025-04-24 15:33:17,3.16,3.15,767.37,5200,0.58,25.83,8.27,3.21,74.05,33.25,0
2025-04-24 15:33:20,6.97,3.85,778.24,5200,1.63,137.64,11.1,2.2,88.31,5.61,0
2025-04-24 15:33:23,7.12,6.29,770.95,5200,2.21,46.33,4.03,2.33,84.05,5.11,0
2025-04-24 15:33:26,4.32,3.78,789.03,5200,0.17,81.38,-0.6,2.37,72.07,32.69,0
2025-04-24 15:33:29,6.78,4.62,770.95,5200,1.31,57.04,2.16,2.21,62.12,18.24,0
2025-04-24 15:33:32,3.03,6.53,778.75,5200,2.42,72.07,-4.65,2.58,56.38,63.05,1
2025-04-24 15:33:36,3.54,5.9,763.42,5200,1.28,38.55,6.92,4.36,66.98,79.0,1
2025-04-24 15:33:39,2.71,3.12,761.22,5200,2.48,76.98,-1.13,3.08,98.82,58.22,1
2025-04-24 15:33:42,7.38,3.06,778.68,5200,2.44,100.18,-2.28,3.04,88.46,41.77,0
2025-04-24 15:33:45,7.22,3.79,772.84,5200,2.55,115.25,-3.96,3.29,86.93,41.23,0
2025-04-24 15:33:48,3.55,4.54,780.75,5200,1.99,39.88,-4.65,1.72,63.73,37.43,0
2025-04-24 15:33:51,6.27,4.12,778.15,5200,0.66,91.21,3.98,1.14,99.42,51.01,1
2025-04-24 15:33:54,2.91,6.65,761.3,5200,1.14,96.13,0.62,3.99,53.9,50.22,1
2025-04-24 15:33:58,2.77,5.57,772.4,5200,0.21,94.27,4.49,2.96,55.87,10.22,0
2025-04-24 15:34:01,5.43,3.09,775.06,5200,2.58,133.53,-3.67,2.03,84.14,47.19,1
2025-04-24 15:34:04,6.76,3.0,789.28,5200,2.16,26.12,6.85,1.55,83.22,40.25,0
2025-04-24 15:34:07,7.92,3.87,780.68,5200,2.68,95.73,13.91,4.11,83.06,75.18,1
2025-04-24 15:34:10,2.28,3.35,780.62,5200,0.9,94.15,5.95,1.05,77.91,11.04,0
2025-04-24 15:34:13,6.05,5.97,782.67,5200,2.9,62.5,14.11,4.22,90.35,77.9,1
2025-04-24 15:34:16,2.62,6.24,767.96,5200,2.13,72.21,10.08,3.92,91.77,62.0,1
2025-04-24 15:34:19,4.05,3.37,769.99,5200,2.66,37.73,14.87,2.19,78.85,8.26,0
2025-04-24 15:34:22,7.23,5.83,789.92,5200,2.39,73.29,9.12,2.2,72.72,42.88,0
2025-04-24 15:34:25,4.05,6.83,761.74,5200,1.1,63.27,-4.9,3.35,56.41,23.25,0
2025-04-24 15:34:28,2.93,5.54,765.27,5200,0.5,132.88,12.33,4.15,82.13,71.23,1
2025-04-24 15:34:32,6.36,3.32,784.72,5200,0.71,111.72,11.23,4.06,99.57,63.87,1
2025-04-24 15:34:35,7.29,4.5,789.16,5200,2.38,137.08,0.03,2.27,88.2,26.09,0
2025-04-24 15:34:38,7.4,6.37,760.02,5200,1.94,70.52,8.59,3.69,91.08,21.71,0
2025-04-24 15:34:41,6.82,3.22,781.78,5200,0.13,78.26,0.97,3.05,92.0,30.08,0
2025-04-24 15:34:44,3.92,6.69,779.43,5200,1.32,124.62,7.09,3.92,72.16,51.22,1
2025-04-24 15:34:47,3.14,3.82,788.37,5200,1.34,94.53,11.59,2.46,79.48,60.38,1
2025-04-24 15:34:50,4.9,6.66,788.59,5200,0.53,114.38,10.12,1.36,66.67,69.41,1
2025-04-24 15:34:53,3.33,5.89,766.09,5200,2.68,85.75,1.47,3.33,59.03,10.38,0
2025-04-24 15:34:56,7.72,5.14,773.76,5200,2.23,120.21,5.92,1.4,96.79,48.42,1
2025-04-24 15:35:00,2.78,4.23,785.09,5200,2.15,128.15,8.36,3.08,98.19,61.11,1
2025-04-24 15:35:03,2.79,3.81,778.58,5200,1.76,79.87,12.64,1.52,86.15,35.09,0
2025-04-24 15:35:06,7.81,6.54,779.2,5200,0.15,56.79,-0.28,2.08,96.07,68.08,1
2025-04-24 15:35:09,7.52,3.41,764.76,5200,0.11,22.64,-0.04,1.13,72.74,6.04,0
2025-04-24 15:35:12,4.67,5.7,765.21,5200,2.74,110.94,9.97,1.29,78.79,30.93,0
2025-04-24 15:35:15,5.56,6.77,773.44,5200,0.73,137.49,7.82,1.33,69.6,59.02,1
2025-04-24 15:35:18,5.3,5.98,786.82,5200,1.44,26.98,8.6,1.73,78.33,26.54,0
2025-04-24 15:35:21,5.65,6.32,765.26,5200,1.47,43.49,-2.69,1.9,57.61,74.28,1
2025-04-24 15:35:25,3.79,6.89,762.33,5200,0.63,25.64,12.01,3.36,62.57,41.46,0
2025-04-24 15:35:28,5.24,4.18,787.83,5200,1.16,20.34,-0.25,1.17,87.74,44.54,0
2025-04-24 15:35:31,3.16,5.87,763.26,5200,0.96,64.75,-3.7,2.32,84.29,41.07,0
2025-04-24 15:35:34,2.87,5.91,768.95,5200,2.75,27.38,0.38,2.21,52.84,50.56,1
2025-04-24 15:35:37,5.82,4.74,779.74,5200,2.17,92.53,11.78,2.11,56.81,45.59,0
2025-04-24 15:35:40,7.39,3.89,773.76,5200,2.48,110.57,3.18,2.16,82.76,11.62,0
2025-04-24 15:35:44,3.33,3.96,768.36,5200,2.52,132.44,7.97,3.69,52.3,8.32,0
2025-04-24 15:35:47,4.22,5.57,788.91,5200,0.01,133.01,5.47,3.79,79.65,57.17,1
2025-04-24 15:35:50,7.41,6.04,762.31,5200,0.78,53.16,8.5,1.43,55.81,23.56,0
2025-04-24 15:35:53,3.65,5.12,778.88,5200,0.26,96.52,6.06,4.15,64.59,30.09,0
2025-04-24 15:35:56,4.97,6.03,780.92,5200,2.08,73.23,6.16,2.45,89.25,58.14,1
2025-04-24 15:35:59,3.86,4.79,783.59,5200,1.95,39.62,8.07,3.09,98.2,79.49,1
2025-04-24 15:36:02,4.66,3.77,786.26,5200,0.94,55.76,5.41,1.5,67.93,11.25,0
2025-04-24 15:36:05,3.38,4.15,784.62,5200,0.39,122.33,-0.62,3.95,54.65,70.58,1
2025-04-24 15:36:09,5.78,5.62,761.04,5200,2.33,64.09,9.34,1.66,70.84,26.86,0
2025-04-24 15:36:12,3.45,6.72,760.72,5200,1.0,140.98,8.98,2.35,76.99,52.44,1
2025-04-24 15:36:15,3.4,5.11,770.64,5200,1.76,20.09,3.97,2.02,58.95,19.1,0
2025-04-24 15:36:18,3.95,3.43,789.09,5200,1.45,55.58,-4.92,2.16,61.12,21.62,0
2025-04-24 15:36:21,6.71,6.98,760.56,5200,0.2,48.7,-2.6,3.89,73.95,19.37,0
2025-04-24 15:36:24,5.57,4.55,764.91,5200,2.04,60.1,13.92,2.79,94.09,40.32,0
2025-04-24 15:36:27,7.22,6.09,779.75,5200,0.15,112.82,13.22,3.15,81.85,68.91,1
2025-04-24 15:36:30,5.37,5.99,778.28,5200,1.82,41.73,6.36,1.33,78.97,21.57,0
2025-04-24 15:36:33,6.33,6.88,765.39,5200,0.93,92.43,14.49,3.43,51.73,76.62,1
2025-04-24 15:36:37,2.62,5.73,769.76,5200,0.02,50.32,9.28,3.44,89.88,31.15,0
2025-04-24 15:36:40,2.31,3.07,777.26,5200,1.24,115.65,-1.01,2.85,62.0,59.73,1
2025-04-24 15:36:43,7.18,3.75,775.49,5200,2.76,120.48,10.8,3.93,58.1,24.44,0
2025-04-24 15:36:46,7.17,3.29,764.14,5200,0.69,139.47,0.58,3.95,83.7,55.27,1
2025-04-24 15:36:49,6.63,3.49,772.91,5200,0.79,45.32,3.33,3.21,50.02,33.77,0
2025-04-24 15:36:52,3.56,4.77,775.09,5200,1.06,88.02,10.91,2.19,58.89,43.97,0
2025-04-24 15:36:55,5.22,3.7,781.32,5200,0.6,130.27,14.34,2.55,62.97,47.42,1
2025-04-24 15:36:58,7.6,4.08,786.57,5200,0.82,75.02,4.22,3.97,80.5,29.85,0
2025-04-24 15:37:01,5.38,5.17,774.0,5200,1.0,20.54,10.5,4.07,60.47,78.64,1
2025-04-24 15:37:04,6.3,6.05,772.08,5200,0.17,91.85,5.07,4.44,53.72,78.46,1
2025-04-24 15:37:08,6.39,4.16,777.22,5200,0.08,132.21,11.87,1.4,72.67,41.68,0
2025-04-24 15:37:11,5.23,5.78,766.74,5200,0.76,136.09,11.36,3.61,75.14,21.93,0
2025-04-24 15:37:14,3.38,5.67,781.13,5200,1.92,119.35,8.0,2.49,72.44,8.08,0
2025-04-24 15:37:17,5.98,5.68,774.5,5200,0.32,98.6,2.68,2.72,52.22,48.63,1
2025-04-24 15:37:20,6.5,5.22,786.38,5200,2.95,97.78,-3.39,2.45,75.71,6.81,0
2025-04-24 15:37:23,6.23,5.34,765.91,5200,1.39,88.03,5.7,1.45,54.84,49.96,1
2025-04-24 15:37:26,3.51,3.76,772.27,5200,0.02,79.95,9.91,3.32,75.27,78.69,1
2025-04-24 15:37:29,2.26,4.51,771.8,5200,2.64,70.13,7.48,1.77,52.17,8.98,0
2025-04-24 15:37:32,5.99,3.93,770.17,5200,1.63,49.05,4.29,4.13,97.5,39.29,0
2025-04-24 15:37:35,2.42,4.97,779.04,5200,2.17,138.63,-0.43,1.5,87.95,30.02,0
2025-04-24 15:37:39,3.53,5.72,788.07,5200,2.59,90.99,6.89,1.86,77.87,49.76,1
2025-04-24 15:37:42,3.09,4.05,779.96,5200,1.09,114.81,0.9,4.03,61.84,68.05,1
2025-04-24 15:37:45,5.76,4.46,788.55,5200,2.46,45.45,-3.81,3.54,56.18,65.66,1
2025-04-24 15:37:48,7.05,3.69,769.59,5200,0.52,61.76,8.3,2.42,89.53,47.7,1
2025-04-24 15:37:51,2.02,3.47,778.61,5200,0.82,110.05,6.7,1.1,71.94,74.64,1
2025-04-24 15:37:54,3.74,3.88,772.41,5200,1.23,53.55,0.68,4.05,84.85,6.03,0
2025-04-24 15:37:57,3.81,4.36,770.12,5200,0.49,115.41,8.85,1.81,75.29,44.16,0
2025-04-24 15:38:00,2.05,5.21,788.96,5200,1.8,32.96,-2.02,1.09,96.98,56.02,1
2025-04-24 15:38:03,7.06,3.19,781.71,5200,0.16,20.98,12.55,1.23,76.12,16.64,0
2025-04-24 15:38:07,3.61,5.46,788.28,5200,0.81,58.16,12.48,2.8,56.03,14.12,0
2025-04-24 15:38:10,7.43,3.49,766.54,5200,1.21,46.44,14.54,2.02,84.45,78.76,1
2025-04-24 15:38:13,5.51,6.72,776.3,5200,1.28,36.32,13.2,3.01,89.96,36.54,0
2025-04-24 15:38:16,6.47,6.88,780.65,5200,2.58,98.95,7.23,2.66,94.49,43.35,1
2025-04-24 15:38:19,6.83,3.73,764.52,5200,1.64,74.78,5.4,1.99,67.65,65.08,1
2025-04-24 15:38:22,3.51,6.37,762.39,5200,2.11,76.18,-2.02,1.26,69.5,30.8,0
2025-04-24 15:38:25,7.66,5.06,782.71,5200,0.99,34.83,0.4,3.04,74.18,63.67,1
2025-04-24 15:38:28,4.66,6.7,774.13,5200,0.75,132.87,-3.79,3.12,54.59,72.09,1
2025-04-24 15:38:31,6.62,6.99,763.17,5200,0.8,116.6,-0.43,3.46,56.28,14.59,1
2025-04-24 15:38:34,5.84,4.82,770.14,5200,0.25,66.58,9.85,3.37,95.5,77.52,1
2025-04-24 15:38:37,7.35,6.36,771.1,5200,1.74,37.58,9.8,1.68,85.53,56.04,1
2025-04-24 15:38:41,7.4,3.45,760.28,5200,1.26,33.04,8.78,2.13,90.94,63.92,1
2025-04-24 15:38:44,3.8,3.16,785.84,5200,1.41,67.73,-2.87,1.06,73.53,14.48,0
2025-04-24 15:38:47,3.42,5.29,778.65,5200,2.21,37.86,0.88,1.22,81.53,55.82,1
2025-04-24 15:38:50,7.23,6.12,760.21,5200,2.08,39.15,11.81,1.31,80.48,67.2,1
2025-04-24 15:38:53,2.93,6.18,784.76,5200,1.16,89.25,12.92,1.66,63.48,39.82,0
2025-04-24 15:38:56,3.25,5.61,765.18,5200,1.03,30.59,-4.26,2.26,61.43,58.89,1
2025-04-24 15:38:59,2.26,4.52,782.02,5200,1.37,120.25,1.79,2.93,70.27,21.1,0
2025-04-24 15:39:02,4.93,5.35,766.64,5200,0.04,20.48,-1.59,1.4,64.75,48.0,1
2025-04-24 15:39:05,4.36,4.95,762.82,5200,2.15,100.18,-3.76,4.33,60.29,14.63,0
2025-04-24 15:39:09,3.18,3.41,769.7,5200,0.54,26.1,3.91,4.25,90.89,33.13,0
2025-04-24 15:39:12,7.71,3.15,768.89,5200,0.6,31.0,-1.94,4.22,56.89,6.9,0
2025-04-24 15:39:15,6.5,3.68,785.84,5200,2.89,52.49,3.61,1.21,94.86,21.13,0
2025-04-24 15:39:18,4.63,3.71,770.4,5200,1.86,127.3,10.7,3.77,51.57,62.56,1
2025-04-24 15:39:21,2.39,4.51,786.45,5200,0.18,60.17,-1.77,1.66,57.55,15.9,0
2025-04-24 15:39:24,3.25,6.17,777.09,5200,2.77,63.74,-4.94,1.72,60.98,32.72,0
2025-04-24 15:39:27,3.69,6.5,778.97,5200,1.46,79.97,9.51,1.77,94.38,61.49,1
2025-04-24 15:39:30,5.46,3.65,786.01,5200,2.06,136.87,10.24,3.3,98.51,69.21,1
2025-04-24 15:39:33,4.22,5.07,763.2,5200,0.19,91.74,-4.83,2.6,63.98,27.02,0
2025-04-24 15:39:36,2.89,5.56,773.76,5200,2.74,34.44,8.95,1.98,98.81,53.02,1
2025-04-24 15:39:40,7.06,4.04,769.13,5200,1.59,39.46,4.12,2.31,87.39,41.36,0
2025-04-24 15:39:43,4.61,6.57,766.33,5200,0.45,115.68,3.86,2.78,50.33,35.22,1
2025-04-24 15:39:46,4.13,4.41,780.03,5200,0.27,57.55,8.13,3.56,67.15,26.06,0
2025-04-24 15:39:49,5.46,6.17,760.39,5200,1.56,87.85,4.36,2.77,58.68,54.79,1
2025-04-24 15:39:52,6.64,3.98,760.07,5200,0.41,55.98,-4.38,3.28,95.75,34.48,0
2025-04-24 15:39:55,6.75,4.88,762.93,5200,2.46,33.27,13.18,4.2,88.55,37.77,0
2025-04-24 15:39:58,2.03,3.25,772.99,5200,1.46,120.97,10.16,1.78,57.2,36.94,0
2025-04-24 15:40:01,2.19,5.97,769.89,5200,0.65,123.28,9.94,4.38,79.21,42.52,0
2025-04-24 15:40:04,5.57,4.64,763.83,5200,2.44,100.33,9.19,1.62,80.76,10.03,0
2025-04-24 15:40:07,6.46,6.83,779.91,5200,0.6,133.57,10.08,3.68,91.93,40.51,1
2025-04-24 15:40:11,7.55,4.88,773.63,5200,2.21,103.56,5.44,3.36,88.16,66.26,1
2025-04-24 15:40:14,4.84,4.9,780.32,5200,1.54,145.18,14.63,3.29,68.19,49.42,1
2025-04-24 15:40:17,5.33,4.33,775.89,5200,0.61,28.09,-3.13,1.3,59.29,51.72,1
2025-04-24 15:40:20,7.61,6.03,764.77,5200,2.2,89.59,7.16,3.1,98.73,6.06,0
2025-04-24 15:40:23,6.19,3.12,778.17,5200,0.04,42.56,2.05,2.6,73.92,63.92,1
2025-04-24 15:40:26,6.68,4.36,768.87,5200,2.19,109.58,8.71,1.93,67.28,10.89,0
2025-04-24 15:40:29,5.91,5.69,773.19,5200,2.6,146.86,8.44,4.22,55.87,76.57,1
2025-04-24 15:40:33,3.77,3.8,762.68,5200,1.3,29.45,1.07,1.23,88.66,53.98,1
2025-04-24 15:40:36,5.84,5.71,768.65,5200,2.08,149.44,6.43,1.37,89.45,34.9,0
2025-04-24 15:40:39,2.68,3.92,789.26,5200,2.06,23.25,-3.63,4.0,91.87,55.85,1
2025-04-24 15:40:42,7.05,5.47,765.51,5200,2.66,120.54,-2.87,3.21,66.49,44.21,0
2025-04-24 15:40:45,5.94,3.56,772.0,5200,2.36,84.52,11.68,3.24,74.07,48.6,1
2025-04-24 15:40:48,4.43,6.84,774.41,5200,0.44,95.22,5.46,1.16,60.08,59.56,1
2025-04-24 15:40:51,6.73,5.44,775.63,5200,1.62,20.04,12.94,3.26,61.57,15.45,0
2025-04-24 15:40:54,2.96,3.21,772.81,5200,0.52,127.2,-4.96,1.89,94.59,49.3,1
2025-04-24 15:40:57,5.84,6.91,764.46,5200,1.83,87.55,6.29,2.75,97.24,28.49,0
2025-04-24 15:41:01,3.09,5.88,773.91,5200,2.35,101.58,14.09,3.76,67.68,17.93,0
2025-04-24 15:41:04,4.54,3.76,762.95,5200,2.75,147.9,10.48,2.17,77.64,71.42,1
2025-04-24 15:41:07,7.29,3.5,786.66,5200,0.04,33.47,-4.54,2.58,53.35,54.34,1
2025-04-24 15:41:10,5.73,4.09,789.08,5200,2.65,142.41,4.57,3.08,79.84,50.67,1
2025-04-24 15:41:13,7.82,5.3,777.04,5200,2.27,30.17,8.39,2.78,57.44,79.67,1
2025-04-24 15:41:16,2.25,5.22,768.19,5200,1.89,93.36,12.92,1.38,77.85,33.85,0
2025-04-24 15:41:19,2.25,5.25,783.0,5200,1.41,61.17,1.84,3.05,93.84,76.85,1
2025-04-24 15:41:22,2.41,6.95,789.18,5200,1.13,104.28,3.04,3.81,97.74,71.48,1
2025-04-24 15:41:25,3.82,3.27,785.14,5200,1.19,59.89,3.56,3.37,53.11,18.31,0
2025-04-24 15:41:29,8.0,6.01,768.43,5200,1.74,111.44,12.31,2.91,80.52,6.5,0
2025-04-24 15:41:32,7.08,4.99,761.34,5200,2.7,92.47,0.73,3.89,80.04,33.59,0
2025-04-24 15:41:35,6.19,5.0,760.82,5200,2.21,21.51,2.38,3.78,53.33,37.26,0
2025-04-24 15:41:38,6.01,5.68,789.61,5200,2.46,56.1,-0.8,1.05,97.64,52.43,1
2025-04-24 15:41:41,7.46,3.25,782.11,5200,1.43,34.85,14.1,2.4,81.02,17.91,0
2025-04-24 15:41:44,5.68,4.41,765.93,5200,1.96,74.61,-2.54,1.37,98.7,48.35,1
2025-04-24 15:41:47,4.92,3.8,764.8,5200,2.45,52.46,-3.41,2.1,97.62,48.85,1
2025-04-24 15:41:50,7.81,3.11,760.52,5200,1.3,102.27,5.54,3.37,51.24,54.4,1
2025-04-24 15:41:53,7.27,4.98,764.46,5200,2.42,40.08,7.77,2.56,87.12,42.17,0
2025-04-24 15:41:56,3.08,5.48,764.53,5200,2.99,148.29,5.78,1.12,96.48,59.12,1
2025-04-24 15:42:00,4.28,4.63,778.46,5200,0.62,141.85,10.19,3.26,68.71,65.59,1
2025-04-24 15:42:03,7.7,3.3,786.07,5200,0.64,57.65,10.1,1.26,60.5,37.5,0
2025-04-24 15:42:06,5.54,4.74,763.68,5200,2.64,41.74,10.08,4.33,50.76,32.73,0
2025-04-24 15:42:09,3.6,6.56,765.12,5200,2.13,121.09,3.45,4.17,75.33,32.94,1
2025-04-24 15:42:12,5.87,4.58,763.95,5200,0.39,134.66,11.42,3.13,51.54,48.81,1
2025-04-24 15:42:15,6.74,5.91,783.98,5200,1.14,86.95,14.71,3.7,71.95,42.07,0
2025-04-24 15:42:18,6.61,3.08,780.61,5200,0.98,102.05,8.6,4.19,55.85,37.26,0
2025-04-24 15:42:21,4.94,6.81,771.19,5200,1.81,102.11,13.39,4.05,73.63,41.2,0
2025-04-24 15:42:24,6.67,5.26,775.64,5200,0.29,80.35,10.11,4.03,71.99,41.07,0
2025-04-24 15:42:27,5.92,5.18,762.59,5200,1.89,50.55,4.63,2.73,87.17,20.01,0
2025-04-24 15:42:31,3.64,6.57,780.66,5200,1.6,89.93,-0.11,3.38,83.75,77.21,1
2025-04-24 15:42:34,5.23,5.67,769.77,5200,2.86,100.11,-3.17,1.47,80.14,59.59,1
2025-04-24 15:42:37,7.13,5.31,764.52,5200,0.86,143.04,0.92,3.12,71.01,69.92,1
2025-04-24 15:42:40,6.12,3.65,761.42,5200,1.96,34.94,5.01,2.01,56.16,29.89,0
2025-04-24 15:42:43,3.93,3.72,762.43,5200,0.73,89.11,2.79,2.22,66.02,42.6,0
2025-04-24 15:42:46,6.43,4.74,769.12,5200,2.96,36.6,14.37,3.97,60.6,16.98,0
2025-04-24 15:42:49,5.77,3.75,784.9,5200,0.15,101.24,-4.91,1.03,63.9,70.3,1
2025-04-24 15:42:52,6.16,5.77,784.51,5200,2.74,123.01,3.49,1.03,87.37,41.81,0
2025-04-24 15:42:55,5.48,6.48,782.6,5200,2.13,35.42,-0.71,2.62,69.03,47.96,1
2025-04-24 15:42:58,6.69,3.78,785.69,5200,0.82,80.23,13.24,2.85,53.98,25.92,0
2025-04-24 15:43:02,4.7,4.53,784.74,5200,0.51,96.58,2.69,3.73,91.11,26.56,0
2025-04-24 15:43:05,6.23,5.06,769.26,5200,0.47,72.85,-2.42,2.72,86.67,9.4,0
2025-04-24 15:43:08,7.31,4.92,761.33,5200,0.73,79.7,12.19,3.36,97.76,48.89,1
2025-04-24 15:43:11,7.7,5.93,767.94,5200,0.42,59.57,14.09,4.31,71.3,20.21,0
2025-04-24 15:43:14,4.06,3.45,781.27,5200,0.05,59.1,4.21,1.66,87.46,54.44,1
2025-04-24 15:43:17,2.24,5.05,778.81,5200,2.46,37.48,13.02,1.93,93.89,47.05,1
2025-04-24 15:43:20,6.53,4.91,768.02,5200,2.21,47.6,-1.84,3.08,89.19,21.65,0
2025-04-24 15:43:23,2.65,4.35,787.92,5200,2.0,99.56,12.95,1.04,90.7,7.1,0
2025-04-24 15:43:26,4.67,3.41,769.93,5200,0.3,114.66,5.26,1.08,76.19,34.56,0
2025-04-24 15:43:29,3.65,5.0,783.85,5200,0.49,117.24,-4.52,2.71,67.36,26.69,0
2025-04-24 15:43:32,4.59,4.63,770.15,5200,1.58,65.39,2.75,1.21,52.3,59.55,1
2025-04-24 15:43:36,5.39,5.94,775.88,5200,1.6,96.94,-3.69,3.73,94.38,55.77,1
2025-04-24 15:43:39,2.1,4.83,779.67,5200,2.84,33.4,8.45,3.58,72.03,49.21,1
2025-04-24 15:43:42,5.45,5.6,771.08,5200,1.02,86.97,0.5,3.54,70.9,8.39,0
2025-04-24 15:43:45,2.51,4.53,760.06,5200,2.32,58.42,8.44,3.59,68.69,53.95,1
2025-04-24 15:43:48,2.81,4.19,775.91,5200,2.92,109.31,14.31,4.21,86.6,21.59,0
2025-04-24 15:43:51,2.65,5.46,781.3,5200,2.97,73.66,7.37,3.11,68.25,28.47,0
2025-04-24 15:43:54,2.04,4.88,776.26,5200,3.0,143.15,13.11,1.68,51.66,8.75,0
2025-04-24 15:43:57,7.06,4.47,772.67,5200,0.43,125.27,8.62,2.03,86.82,77.08,1
2025-04-24 15:44:01,5.08,5.28,785.17,5200,1.49,79.49,-1.41,4.02,93.15,77.64,1
2025-04-24 15:44:04,5.2,3.2,770.22,5200,2.97,54.45,8.65,3.41,82.69,33.04,0
2025-04-24 15:44:07,4.52,5.89,760.15,5200,1.42,35.23,1.59,1.69,66.9,62.89,1
2025-04-24 15:44:10,4.62,6.32,783.73,5200,2.01,122.83,12.54,1.81,63.88,41.84,1
2025-04-24 15:44:13,2.88,6.83,773.79,5200,0.1,87.05,13.5,3.82,53.53,71.74,1
2025-04-24 15:44:16,7.2,4.73,768.29,5200,2.79,139.49,-3.03,2.5,50.86,8.75,0
2025-04-24 15:44:19,7.75,5.08,769.64,5200,1.99,82.8,3.36,2.03,90.38,49.58,1
2025-04-24 15:44:22,2.61,5.41,761.13,5200,0.25,31.0,14.02,3.9,57.28,11.78,0
2025-04-24 15:44:25,7.47,3.53,771.3,5200,1.84,56.49,10.83,4.45,50.49,79.57,1
2025-04-24 15:44:28,6.93,6.37,770.92,5200,1.9,61.19,-2.89,4.5,88.59,55.05,1
2025-04-24 15:44:32,7.07,4.96,777.13,5200,1.65,127.25,0.41,3.35,58.88,73.78,1
2025-04-24 15:44:35,3.58,6.96,788.39,5200,0.46,41.44,9.04,3.73,67.94,56.39,1
2025-04-24 15:44:38,4.03,3.8,763.41,5200,1.19,144.17,7.08,4.26,64.52,12.07,0
2025-04-24 15:44:41,5.27,4.38,766.86,5200,1.78,23.14,12.71,4.01,70.31,57.11,1
2025-04-24 15:44:44,6.37,3.84,781.16,5200,0.49,115.94,7.13,1.46,77.97,55.21,1
2025-04-24 15:44:47,7.84,3.55,772.4,5200,0.58,110.9,12.8,1.34,59.66,55.65,1
2025-04-24 15:44:50,5.97,5.86,762.39,5200,2.82,148.86,3.62,3.59,80.59,66.81,1
2025-04-24 15:44:53,4.04,4.97,776.93,5200,1.18,46.47,-3.41,4.24,65.7,17.06,0
2025-04-24 15:44:56,7.79,4.91,789.12,5200,1.6,142.83,-1.78,2.96,86.44,63.7,1
2025-04-24 15:45:00,3.88,4.55,789.28,5200,0.18,73.33,12.15,3.06,83.86,52.98,1
2025-04-24 15:45:03,2.76,6.62,765.77,5200,1.33,112.92,2.43,2.49,86.05,77.41,1
2025-04-24 15:45:06,2.16,4.01,789.05,5200,2.1,146.69,6.55,2.76,64.48,69.94,1
2025-04-24 15:45:09,2.8,6.47,769.38,5200,2.41,128.89,11.01,2.7,86.66,36.68,1
2025-04-24 15:45:12,7.36,4.75,765.08,5200,1.61,115.54,-1.51,1.21,87.67,58.69,1
2025-04-24 15:45:15,7.93,4.87,782.74,5200,1.04,56.35,-3.44,4.43,86.81,42.92,0
2025-04-24 15:45:18,4.07,6.95,772.15,5200,2.42,26.95,-3.35,2.73,69.67,27.76,0
2025-04-24 15:45:21,2.13,4.43,776.26,5200,1.61,39.78,6.6,1.11,82.94,65.7,1
2025-04-24 15:45:24,7.74,4.92,787.78,5200,1.18,58.85,5.23,2.99,63.55,78.18,1
2025-04-24 15:45:28,6.95,4.17,762.67,5200,0.64,113.64,9.78,3.48,72.99,50.8,1
2025-04-24 15:45:31,2.23,5.63,778.39,5200,0.49,45.69,12.13,1.11,77.64,31.36,0
2025-04-24 15:45:34,2.06,5.88,769.96,5200,1.15,131.22,2.93,3.29,64.09,43.39,0
2025-04-24 15:45:37,5.31,4.06,776.96,5200,0.66,76.1,10.92,3.29,87.33,41.49,0
2025-04-24 15:45:40,3.28,4.26,772.61,5200,2.24,98.76,-1.37,2.77,77.72,49.88,1
2025-04-24 15:45:43,2.78,3.61,789.81,5200,1.81,40.13,5.26,1.37,84.99,19.87,0
2025-04-24 15:45:46,7.82,6.48,789.02,5200,1.84,132.68,-3.23,1.8,70.75,44.96,1
2025-04-24 15:45:49,2.6,5.89,776.01,5200,1.03,96.71,3.98,3.57,50.85,8.83,0
2025-04-24 15:45:52,7.61,6.45,774.63,5200,1.97,27.3,5.49,3.59,79.89,76.79,1
2025-04-24 15:45:56,2.17,6.53,785.91,5200,2.53,124.78,8.08,1.98,80.84,43.94,1
2025-04-24 15:45:59,7.08,5.77,769.2,5200,0.82,66.58,-1.78,3.36,80.89,66.07,1
2025-04-24 15:46:02,4.74,6.6,764.66,5200,1.98,146.28,5.21,3.63,74.9,65.44,1
2025-04-24 15:46:05,4.14,5.7,771.59,5200,0.65,125.43,-3.19,2.48,50.24,74.19,1
2025-04-24 15:46:08,7.47,6.5,788.3,5200,2.13,20.58,9.54,2.44,96.61,38.08,0
2025-04-24 15:46:11,6.94,5.22,786.18,5200,2.05,95.04,-0.82,2.35,99.85,67.53,1
2025-04-24 15:46:14,5.32,3.65,766.73,5200,1.54,68.68,8.73,3.55,75.18,8.13,0
2025-04-24 15:46:17,3.04,6.9,763.25,5200,1.21,125.18,-2.84,3.87,75.71,17.28,1
2025-04-24 15:46:20,6.66,3.52,778.07,5200,0.29,22.61,2.77,2.9,76.81,25.21,0
2025-04-24 15:46:23,6.68,6.57,783.5,5200,2.63,42.57,8.24,3.25,97.46,32.66,0
2025-04-24 15:46:27,6.52,3.07,767.26,5200,0.25,53.44,4.16,2.63,55.53,78.1,1
2025-04-24 15:46:30,3.8,4.57,763.91,5200,2.36,54.62,10.55,3.54,53.22,65.83,1
2025-04-24 15:46:33,7.79,6.94,776.74,5200,1.7,144.9,13.99,1.5,63.74,70.05,1
2025-04-24 15:46:36,4.27,4.02,770.66,5200,0.17,135.34,6.67,4.01,69.97,46.27,1
2025-04-24 15:46:39,3.04,5.35,785.88,5200,1.58,84.7,-3.0,2.3,50.5,50.57,1
2025-04-24 15:46:42,3.16,3.35,789.42,5200,1.39,117.99,-0.04,1.56,64.01,10.8,0
2025-04-24 15:46:45,4.4,5.52,773.1,5200,0.45,60.45,9.54,4.38,78.4,47.59,1
2025-04-24 15:46:48,6.7,4.19,768.98,5200,2.46,23.61,2.86,1.99,69.89,20.64,0
2025-04-24 15:46:51,5.77,4.81,782.74,5200,1.52,123.92,0.5,4.37,83.47,6.03,0
2025-04-24 15:46:55,3.87,6.99,782.03,5200,1.8,130.65,6.57,1.68,80.87,49.98,1
2025-04-24 15:46:58,4.23,4.79,773.78,5200,1.86,114.23,11.96,3.64,96.06,33.19,0
2025-04-24 15:47:01,7.7,4.31,777.95,5200,2.47,25.99,-0.91,2.9,57.2,23.68,0
2025-04-24 15:47:04,4.58,5.21,779.49,5200,2.04,48.02,0.13,1.17,76.67,19.0,0
2025-04-24 15:47:07,4.59,6.74,761.27,5200,0.29,119.56,-1.44,2.76,92.92,53.29,1
2025-04-24 15:47:10,4.09,6.03,767.37,5200,0.21,126.33,1.03,4.28,93.26,70.09,1
2025-04-24 15:47:13,5.99,6.45,761.92,5200,1.15,80.78,2.25,1.33,57.94,77.0,1
2025-04-24 15:47:16,3.26,6.87,785.77,5200,1.59,147.81,14.75,1.19,93.66,64.32,1
2025-04-24 15:47:19,2.82,5.53,771.22,5200,1.6,111.88,3.13,1.3,79.65,7.43,0
2025-04-24 15:47:23,4.13,4.14,774.66,5200,2.19,140.17,8.36,2.18,72.86,35.12,0
2025-04-24 15:47:26,2.87,3.6,764.67,5200,0.27,99.47,9.72,2.54,96.11,34.28,0
2025-04-24 15:47:29,2.22,3.92,769.45,5200,2.66,138.72,-2.08,2.13,94.81,43.35,0
2025-04-24 15:47:32,4.87,5.94,770.77,5200,0.92,36.76,8.71,1.89,82.54,55.31,1
2025-04-24 15:47:35,4.57,4.91,779.0,5200,2.84,23.67,12.43,1.19,87.4,37.01,0
2025-04-24 15:47:38,5.65,6.34,766.11,5200,0.46,95.92,7.24,1.49,51.66,62.56,1
2025-04-24 15:47:41,4.2,4.9,785.66,5200,1.43,95.73,2.62,4.18,98.91,78.58,1
2025-04-24 15:47:44,6.63,4.85,787.57,5200,2.43,119.98,-1.97,1.44,76.28,31.89,0
2025-04-24 15:47:47,5.77,6.51,770.61,5200,1.18,28.29,13.26,3.63,59.74,65.11,1
2025-04-24 15:47:50,5.28,4.35,778.21,5200,2.33,41.81,2.18,4.28,91.48,15.95,0
2025-04-24 15:47:54,4.91,4.57,780.15,5200,2.75,96.58,4.6,2.53,89.01,9.58,0
2025-04-24 15:47:57,5.68,3.05,786.61,5200,1.51,74.86,12.0,1.36,70.8,51.35,1
2025-04-24 15:48:00,3.39,6.43,784.56,5200,0.89,106.03,6.81,3.01,76.25,75.61,1
2025-04-24 15:48:03,6.33,6.74,762.57,5200,1.02,105.09,3.55,2.29,73.75,43.35,1
2025-04-24 15:48:06,4.45,5.85,787.06,5200,2.6,56.9,6.42,3.29,53.58,31.07,0
2025-04-24 15:48:09,2.82,5.3,761.98,5200,2.33,26.06,1.36,3.15,64.28,15.0,0
2025-04-24 15:48:12,5.2,6.57,782.84,5200,0.92,91.39,3.52,2.67,89.41,52.4,1
2025-04-24 15:48:15,5.44,5.99,767.54,5200,0.35,100.72,14.03,1.62,81.78,79.41,1
2025-04-24 15:48:18,2.07,3.34,783.17,5200,2.62,23.68,14.71,3.94,72.94,69.45,1
2025-04-24 15:48:21,2.03,3.11,763.64,5200,2.46,29.16,10.82,4.25,68.06,22.34,0
2025-04-24 15:48:25,6.21,4.27,773.18,5200,0.28,134.01,-1.41,4.12,74.36,51.06,1
2025-04-24 15:48:28,4.05,4.47,771.22,5200,0.96,101.81,10.0,2.24,70.51,51.36,1
2025-04-24 15:48:31,5.24,4.9,764.0,5200,1.15,86.75,11.9,1.57,78.41,63.91,1
2025-04-24 15:48:34,3.47,5.16,784.23,5200,2.26,68.83,5.93,3.1,83.47,31.81,0
2025-04-24 15:48:37,7.44,6.07,787.78,5200,1.76,36.75,9.46,1.71,99.71,55.05,1
2025-04-24 15:48:40,3.88,4.55,785.62,5200,2.94,122.9,8.69,3.07,99.16,20.04,0
2025-04-24 15:48:43,4.93,6.94,785.83,5200,1.82,30.27,8.57,2.53,99.41,10.93,0
2025-04-24 15:48:46,2.31,5.19,763.07,5200,0.8,108.45,6.68,4.06,60.6,19.71,0
2025-04-24 15:48:49,2.98,3.53,769.62,5200,1.78,39.06,7.75,2.6,92.45,15.24,0
2025-04-24 15:48:53,2.91,3.19,762.56,5200,0.74,69.11,3.48,3.97,95.84,75.06,1
2025-04-24 15:48:56,6.4,4.77,772.45,5200,3.0,38.73,5.96,2.62,58.99,77.01,1
2025-04-24 15:48:59,6.29,5.53,765.29,5200,1.93,49.66,14.98,3.78,86.18,20.78,0
2025-04-24 15:49:02,3.63,4.01,784.45,5200,2.02,127.39,0.0,2.99,94.26,75.31,1
2025-04-24 15:49:05,7.11,3.56,760.39,5200,2.64,118.28,6.58,1.67,58.56,57.71,1
2025-04-24 15:49:08,2.44,5.82,772.22,5200,2.74,38.86,-2.23,3.92,96.89,29.27,0
2025-04-24 15:49:11,7.58,4.62,776.76,5200,1.65,21.21,-3.75,2.29,75.87,14.45,0
2025-04-24 15:49:14,4.19,3.85,776.73,5200,2.7,95.94,7.65,1.36,66.63,72.7,1
2025-04-24 15:49:17,6.08,6.77,763.1,5200,1.57,40.12,3.97,1.58,86.24,8.49,0
2025-04-24 15:49:21,4.04,6.1,785.72,5200,0.9,94.19,2.92,4.34,55.98,66.86,1
2025-04-24 15:49:24,4.59,6.11,777.67,5200,1.92,108.72,12.21,1.66,80.65,71.0,1
2025-04-24 15:49:27,4.02,3.52,777.34,5200,0.82,85.24,8.01,4.45,56.62,54.74,1
2025-04-24 15:49:30,7.61,5.62,782.26,5200,2.11,29.61,-4.37,3.93,97.05,76.5,1
2025-04-24 15:49:33,7.91,3.18,780.43,5200,0.55,22.97,3.73,3.78,57.63,24.05,0
2025-04-24 15:49:36,5.29,4.84,768.77,5200,2.68,68.17,3.29,4.3,83.13,9.45,0
2025-04-24 15:49:39,3.59,5.53,762.36,5200,1.74,136.61,-0.27,2.59,64.8,53.56,1
2025-04-24 15:49:42,5.47,6.6,765.61,5200,0.29,26.45,10.79,2.29,84.64,66.65,1
2025-04-24 15:49:45,5.34,6.04,760.72,5200,0.48,62.89,7.01,3.93,69.26,33.01,0
2025-04-24 15:49:48,3.48,3.31,785.87,5200,2.87,38.87,2.02,2.73,66.31,18.81,0
2025-04-24 15:49:52,4.46,6.26,773.72,5200,0.46,118.41,-0.28,1.22,82.52,68.96,1
2025-04-24 15:49:55,6.12,4.97,763.08,5200,1.29,100.57,7.96,4.25,79.68,15.76,0
2025-04-28 09:19:57,5.0,5.5,775.0,5200,0.5,50.0,5.0,2.0,70.0,25.0,0
2025-04-28 09:20:38,7.63,3.33,761.07,5200,0.34,91.64,-1.63,3.27,51.6,59.14,1
2025-04-28 09:20:43,4.47,6.13,783.83,5200,0.01,33.23,14.4,2.62,98.19,37.98,0
2025-04-28 09:20:46,6.44,4.93,787.77,5200,2.25,26.61,0.22,1.34,79.75,13.71,0
2025-04-28 09:20:49,2.1,6.53,769.58,5200,2.48,61.19,6.54,4.1,88.47,75.42,1
2025-04-28 09:20:52,4.01,3.48,789.45,5200,1.93,80.69,0.68,4.29,92.84,72.86,1
2025-04-28 09:20:56,2.12,5.04,770.84,5200,0.26,65.89,0.22,3.27,58.75,20.09,0
2025-04-28 09:20:59,4.47,4.24,771.78,5200,1.92,52.01,11.93,4.43,90.25,56.91,1
2025-04-28 09:21:02,2.12,4.91,774.92,5200,1.96,66.33,8.0,1.71,97.99,75.87,1
2025-04-28 09:21:05,5.05,5.46,772.86,5200,1.52,129.7,-4.89,1.85,66.07,53.54,1
2025-04-28 09:21:08,3.12,4.87,782.93,5200,1.32,75.53,-1.8,2.74,54.3,74.97,1
2025-04-28 09:21:12,4.82,3.58,776.35,5200,2.89,59.91,4.36,2.8,88.99,46.35,1
2025-04-28 09:21:15,2.73,5.54,760.21,5200,0.67,92.3,1.01,3.22,64.87,53.6,1
2025-04-28 09:21:18,2.26,3.42,788.98,5200,0.35,83.77,1.62,2.65,63.57,9.33,0
2025-04-28 09:21:21,4.2,6.36,777.55,5200,0.84,100.65,5.63,2.1,70.49,10.04,0
2025-04-28 09:21:24,6.23,5.53,774.6,5200,1.92,74.87,12.49,3.74,99.31,11.61,0
2025-04-28 09:21:28,7.45,4.39,784.57,5200,2.61,100.86,-0.01,3.75,63.97,23.08,0
2025-04-28 09:21:31,5.92,4.37,782.93,5200,1.01,112.02,13.42,2.03,97.64,46.32,1
2025-04-28 09:21:34,4.49,3.12,771.9,5200,1.03,36.5,2.17,4.41,61.89,32.63,0
2025-04-28 09:21:37,5.97,4.43,764.02,5200,0.79,73.54,4.99,1.41,58.18,49.44,1
2025-04-28 09:21:40,7.13,5.38,778.69,5200,0.85,54.5,6.47,4.29,64.75,11.97,0
2025-04-28 09:21:43,7.1,3.06,775.38,5200,0.61,94.75,10.75,1.17,96.15,13.26,0
2025-04-28 09:21:47,5.8,4.6,767.47,5200,0.21,133.26,5.46,1.67,54.5,5.29,0
2025-04-28 09:21:50,7.5,5.47,779.74,5200,0.08,98.23,13.27,4.42,56.18,13.08,0
2025-04-28 09:21:53,4.5,5.76,774.63,5200,0.87,37.86,-2.84,2.5,71.1,21.01,0
2025-04-28 09:21:56,6.52,3.94,786.41,5200,0.6,23.36,0.69,3.21,92.69,42.84,0
2025-04-28 09:21:59,2.69,4.55,764.86,5200,0.11,47.25,14.1,1.73,96.73,68.36,1
2025-04-28 09:22:03,3.92,3.8,789.99,5200,1.11,125.57,0.35,1.36,70.45,56.21,1
2025-04-28 09:22:06,3.97,4.13,774.6,5200,0.4,140.48,-4.11,4.49,68.18,42.66,0
2025-04-28 09:22:09,3.48,6.36,768.15,5200,1.94,56.73,11.26,3.95,80.34,27.48,0
2025-04-28 09:22:12,4.53,3.02,780.36,5200,0.01,62.73,13.9,1.32,83.32,79.67,1
2025-04-28 09:22:16,4.95,6.82,770.59,5200,2.01,106.96,11.84,3.0,59.75,79.73,1
2025-04-28 09:22:19,5.36,6.63,761.93,5200,1.25,45.48,-2.64,3.75,76.0,46.11,1
2025-04-28 09:22:22,4.11,3.98,788.61,5200,1.09,144.6,0.95,2.56,84.85,69.54,1
2025-04-28 09:22:26,2.53,4.34,785.31,5200,0.9,95.12,7.07,4.35,77.16,37.07,0
2025-04-28 09:22:29,7.86,6.94,782.37,5200,2.47,40.65,3.91,1.12,53.93,5.43,0
2025-04-28 09:22:32,4.76,3.74,786.57,5200,2.56,29.42,4.3,3.93,63.2,48.76,1
2025-04-28 09:22:36,6.14,3.83,776.63,5200,1.25,145.43,1.01,3.76,71.63,21.1,0
2025-04-28 09:22:39,2.77,6.55,786.71,5200,1.34,124.11,1.29,3.62,76.94,25.43,1
2025-04-28 09:22:42,7.55,5.55,777.31,5200,0.54,71.93,-1.02,3.7,66.48,17.95,0
2025-04-28 09:22:46,5.07,3.17,764.7,5200,1.17,143.5,0.73,1.09,66.6,37.14,0
2025-04-28 09:22:49,5.95,6.04,777.86,5200,0.09,129.6,-2.09,2.28,99.04,73.18,1
2025-04-28 09:22:52,5.33,3.54,776.24,5200,1.84,123.81,1.7,4.36,75.06,40.34,0
2025-04-28 09:22:56,6.43,4.76,761.48,5200,0.29,72.18,9.56,1.13,70.75,37.92,0
2025-04-28 09:22:59,3.68,4.16,760.94,5200,2.56,48.56,8.02,1.9,96.45,53.37,1
2025-04-28 09:23:02,2.27,5.96,785.06,5200,1.76,42.9,8.53,2.17,94.84,9.32,0
2025-04-28 09:23:06,4.48,5.9,779.83,5200,2.82,103.58,11.82,3.74,54.58,48.95,1
2025-04-28 09:23:09,4.43,6.45,762.49,5200,1.77,49.7,-0.37,2.85,68.18,6.28,0
2025-04-28 09:23:12,4.18,6.87,782.95,5200,1.2,100.99,-0.44,1.12,99.36,76.26,1
2025-04-28 09:23:15,5.5,4.46,773.79,5200,1.9,108.06,13.5,3.81,57.05,26.15,0
2025-04-28 09:23:19,3.78,6.97,766.63,5200,0.06,126.07,-2.74,1.36,64.42,9.6,1
2025-04-28 09:23:22,6.54,5.99,763.82,5200,2.82,62.43,13.63,3.52,59.36,25.68,0
2025-04-28 09:23:26,7.49,6.23,781.95,5200,2.46,55.87,-4.62,1.56,77.51,14.19,0
2025-04-28 09:23:29,6.04,5.23,772.5,5200,1.17,21.74,3.84,1.89,64.31,11.78,0
2025-04-28 09:23:32,3.62,4.43,774.27,5200,0.53,79.57,-4.23,1.03,99.39,9.24,0
2025-04-28 09:23:35,2.27,6.14,789.26,5200,1.07,37.87,0.67,4.41,70.55,76.45,1
2025-04-28 09:23:39,5.6,4.21,784.48,5200,0.6,21.89,14.73,1.35,54.0,9.54,0
2025-04-28 09:23:42,3.27,6.43,787.88,5200,0.8,71.66,9.02,2.18,60.23,38.49,0
2025-04-28 09:23:45,3.06,3.56,776.82,5200,1.72,106.64,-4.41,2.66,75.28,78.5,1
2025-04-28 09:23:49,2.61,3.68,785.12,5200,2.68,81.95,2.92,2.92,81.12,66.13,1
2025-04-28 09:23:52,5.58,5.35,781.01,5200,2.55,109.58,7.42,1.02,53.74,72.11,1
2025-04-28 09:23:55,3.19,6.29,780.33,5200,2.11,46.87,7.11,2.66,64.17,51.67,1
2025-04-28 09:23:58,5.29,6.54,776.04,5200,2.04,84.79,11.61,3.49,77.96,20.59,0
2025-04-28 09:24:02,7.06,6.47,780.03,5200,2.01,114.75,1.99,2.78,98.4,56.41,1
2025-04-28 09:24:05,2.03,6.13,788.76,5200,2.97,64.62,4.96,3.72,79.75,29.08,0
2025-04-28 09:24:08,7.18,3.82,764.61,5200,0.66,58.99,8.24,4.35,53.54,43.76,0
2025-04-28 09:24:12,5.13,4.5,787.32,5200,2.05,32.25,14.11,3.53,87.71,62.41,1
2025-04-28 09:24:15,2.17,3.48,771.15,5200,0.57,98.19,-2.73,2.91,61.34,40.35,0
2025-04-28 09:24:18,7.62,6.53,782.83,5200,1.38,26.25,9.3,2.17,90.58,52.08,1
2025-04-28 09:24:21,2.69,6.14,769.48,5200,2.58,142.74,11.84,2.81,96.83,78.22,1
2025-04-28 09:24:25,6.5,3.3,769.71,5200,1.3,145.5,12.26,3.17,75.0,31.21,0
2025-04-28 09:24:28,7.95,3.64,777.8,5200,0.15,117.22,3.16,1.72,95.56,12.3,0
2025-04-28 09:24:32,2.32,3.7,767.52,5200,1.63,65.55,6.05,3.94,68.29,37.44,0
2025-04-28 09:24:35,6.48,4.2,766.58,5200,2.08,62.14,-3.47,3.09,86.86,57.28,1
2025-04-28 09:24:38,5.76,3.51,784.98,5200,1.71,38.45,-1.78,3.46,73.78,69.49,1
2025-04-28 09:24:42,7.69,6.18,762.54,5200,0.85,93.77,6.89,2.59,59.69,69.91,1
2025-04-28 09:24:45,5.77,5.98,780.25,5200,1.2,33.24,14.6,1.82,71.67,38.58,0
2025-04-28 09:24:48,2.63,6.99,762.37,5200,0.79,94.84,5.27,3.49,66.28,53.59,1
2025-04-28 09:24:51,2.06,4.37,779.72,5200,1.95,88.01,-2.01,2.26,69.42,76.47,1
2025-04-28 09:24:55,6.51,3.35,760.45,5200,2.36,26.92,12.27,2.0,84.9,68.99,1
2025-04-28 09:24:58,3.24,5.36,767.76,5200,0.02,136.25,3.85,2.95,77.28,61.71,1
2025-04-28 09:25:01,2.4,4.81,770.27,5200,1.11,54.92,0.81,1.7,64.07,30.67,0
2025-04-28 09:25:04,7.35,3.8,768.52,5200,2.4,143.85,-4.16,4.05,94.89,38.09,0
2025-04-28 09:25:07,7.0,5.73,789.56,5200,2.72,119.61,5.37,3.62,71.31,7.85,0
2025-04-28 09:25:11,3.4,4.67,785.18,5200,1.98,70.23,-2.7,3.91,90.05,31.19,0
2025-04-28 09:25:14,7.69,5.67,772.91,5200,2.61,36.68,14.9,4.17,99.5,15.46,0
2025-04-28 09:25:17,5.64,6.7,785.38,5200,1.35,23.54,4.03,3.33,70.35,11.07,0
2025-04-28 09:25:20,3.67,5.88,777.38,5200,2.61,84.37,-3.76,3.35,68.34,6.04,0
2025-04-28 09:25:23,3.18,4.83,787.67,5200,1.94,35.1,-0.16,3.52,69.39,10.98,0
2025-04-28 09:25:26,7.62,3.01,766.87,5200,1.81,33.24,8.84,2.41,88.7,64.13,1
2025-04-28 09:25:30,2.05,3.03,782.17,5200,1.33,59.42,0.53,2.27,92.02,55.69,1
2025-04-28 09:25:33,4.97,4.51,785.43,5200,1.22,58.1,3.88,1.5,53.0,45.8,0
2025-04-28 09:25:36,7.61,5.81,764.69,5200,2.01,132.08,-2.59,1.65,78.11,79.68,1
2025-04-28 09:25:39,7.2,4.86,765.84,5200,0.13,63.29,14.65,2.91,52.32,77.79,1
2025-04-28 09:25:42,5.11,4.37,787.09,5200,0.74,76.14,-1.73,2.69,74.99,57.58,1
2025-04-28 09:25:45,7.97,3.71,763.47,5200,2.33,25.23,14.89,3.88,79.71,57.22,1
2025-04-28 09:25:49,3.42,4.27,772.02,5200,1.99,56.49,13.83,2.84,86.29,8.93,0
2025-04-28 09:25:52,2.24,6.95,768.09,5200,0.09,28.99,-3.37,4.16,99.65,6.48,0
2025-04-28 09:25:55,3.25,5.73,762.25,5200,1.37,118.43,5.78,4.07,82.81,22.34,0
2025-04-28 09:25:58,4.63,6.18,784.88,5200,0.92,124.76,0.77,3.04,73.26,73.84,1
2025-04-28 09:26:01,7.63,4.41,767.59,5200,1.65,129.47,-4.73,4.22,88.35,52.09,1
2025-04-28 09:26:04,3.87,6.2,766.83,5200,2.43,32.65,7.44,4.48,59.6,43.74,0
2025-04-28 09:26:07,5.43,6.87,773.67,5200,2.24,79.06,9.62,2.07,73.75,22.29,0
2025-04-28 09:26:11,5.78,5.82,782.87,5200,0.22,93.86,8.69,3.01,52.95,10.52,0
2025-04-28 09:26:14,6.06,6.97,782.06,5200,2.5,82.67,12.41,1.69,53.93,15.4,0
2025-04-28 09:26:17,5.94,3.01,765.3,5200,2.45,60.97,7.21,1.41,81.84,79.06,1
2025-04-28 09:26:20,6.14,4.96,762.28,5200,2.42,86.33,14.96,2.99,77.42,72.52,1
2025-04-28 09:26:23,2.63,4.85,782.78,5200,2.65,73.77,-4.96,4.31,89.82,73.17,1
2025-04-28 09:26:26,4.4,6.49,781.25,5200,1.15,93.96,11.02,4.2,93.49,42.69,0
2025-04-28 09:26:30,6.08,6.26,784.22,5200,1.7,53.23,-4.34,1.07,75.06,20.92,0
2025-04-28 09:26:33,7.5,5.7,765.5,5200,0.3,44.86,8.57,3.85,98.2,54.62,1
2025-04-28 09:26:36,3.66,3.34,768.35,5200,0.47,137.92,1.19,4.35,94.83,50.14,1
2025-04-28 09:26:39,7.66,4.58,781.67,5200,1.64,123.28,7.77,3.34,51.84,77.51,1
2025-04-28 09:26:43,3.39,6.51,760.58,5200,0.96,97.42,14.94,2.84,74.32,74.07,1
2025-04-28 09:26:46,6.57,3.92,781.17,5200,2.21,74.3,14.34,1.93,93.97,52.89,1
2025-04-28 09:26:49,2.4,4.66,780.44,5200,0.66,37.19,6.54,4.24,77.12,53.33,1
2025-04-28 09:26:52,3.54,6.1,771.86,5200,1.84,61.9,0.69,1.19,97.87,27.25,0
2025-04-28 09:26:55,5.4,5.59,772.75,5200,0.36,28.36,11.06,3.95,78.96,78.31,1
2025-04-28 09:26:58,6.1,6.33,789.82,5200,0.49,38.06,2.01,3.22,81.34,31.42,0
2025-04-28 09:27:01,3.44,6.99,774.93,5200,1.2,103.28,14.26,4.49,97.1,62.16,1
2025-04-28 09:27:05,2.38,5.33,769.9,5200,0.56,110.32,14.0,2.5,62.94,69.74,1
2025-04-28 09:27:08,6.55,4.3,771.49,5200,0.64,119.1,11.16,3.56,94.33,16.79,0
2025-04-28 09:27:11,6.87,5.47,782.88,5200,1.14,108.82,4.72,1.25,84.09,68.65,1
2025-04-28 09:27:14,2.8,3.14,784.54,5200,0.81,21.16,8.96,4.36,96.19,44.17,0
2025-04-28 09:27:17,7.37,4.15,771.52,5200,2.07,29.27,11.8,1.99,98.93,11.86,0
2025-04-28 09:27:20,6.74,5.88,787.04,5200,2.45,105.54,-0.91,1.47,79.81,77.81,1
2025-04-28 09:27:23,7.09,6.03,771.86,5200,1.37,106.06,8.71,2.75,58.07,47.01,1
2025-04-28 09:27:27,7.66,6.71,776.74,5200,0.77,27.84,4.21,3.8,62.52,23.47,0
2025-04-28 09:27:30,2.29,6.6,765.37,5200,2.37,138.22,4.97,3.66,80.32,35.64,1
2025-04-28 09:27:33,6.69,3.82,774.76,5200,2.91,23.35,7.52,3.67,88.77,57.71,1
2025-04-28 09:27:36,5.05,4.47,783.11,5200,1.99,141.14,12.39,3.28,92.24,79.5,1
2025-04-28 09:27:39,4.64,3.24,779.85,5200,2.8,87.77,12.12,1.2,85.11,60.03,1
2025-04-28 09:27:42,3.91,6.73,781.22,5200,1.44,95.45,3.71,3.98,70.38,32.34,0
2025-04-28 09:27:46,3.63,5.11,762.25,5200,2.98,133.83,8.69,2.81,86.96,46.32,1
2025-04-28 09:27:49,3.97,5.25,776.68,5200,0.07,97.08,1.74,2.79,84.57,60.36,1
2025-04-28 09:27:52,7.33,4.28,770.26,5200,2.86,104.21,1.07,1.05,74.2,15.41,0
2025-04-28 09:27:55,6.13,6.91,783.16,5200,1.12,122.31,-1.54,4.2,97.65,62.31,1
2025-04-28 09:27:58,7.4,5.36,775.96,5200,2.26,101.08,-4.49,2.81,50.35,46.52,1
2025-04-28 09:28:01,4.26,4.7,789.59,5200,2.76,55.94,13.25,1.87,90.24,48.54,1
2025-04-28 09:28:04,2.27,3.92,788.64,5200,0.48,53.29,-1.51,2.16,58.96,29.19,0
2025-04-28 09:28:08,5.02,5.78,783.62,5200,2.8,68.86,11.08,2.78,81.15,34.73,0
2025-04-28 09:28:11,3.57,5.05,778.46,5200,2.76,108.82,8.2,3.4,98.69,27.48,0
2025-04-28 09:28:14,7.61,5.92,789.73,5200,1.11,61.72,9.91,1.38,69.12,65.41,1
2025-04-28 09:28:17,5.24,3.73,778.02,5200,0.49,52.03,13.04,1.13,84.01,17.08,0
2025-04-28 09:28:20,3.54,4.76,760.51,5200,1.05,99.27,2.49,3.44,51.43,53.68,1
2025-04-28 09:28:23,7.59,3.69,768.58,5200,0.92,143.67,12.66,1.56,99.53,67.86,1
2025-04-28 09:28:26,6.57,5.53,773.28,5200,1.36,28.47,14.38,1.42,91.96,43.53,0
2025-04-28 09:28:29,7.64,3.82,782.69,5200,2.98,62.1,10.44,1.31,87.76,59.5,1
2025-04-28 09:28:33,4.61,6.44,778.35,5200,0.45,141.85,9.99,2.08,88.29,6.8,1
2025-04-28 09:28:36,4.18,6.66,764.62,5200,2.86,61.66,2.58,1.1,79.14,42.72,1
2025-04-28 09:28:39,5.92,5.51,764.3,5200,0.16,41.37,-2.53,3.81,61.01,45.71,0
2025-04-28 09:28:42,7.09,3.41,765.47,5200,1.03,49.03,11.23,3.43,55.95,70.14,1
2025-04-28 09:28:45,2.53,4.87,787.81,5200,2.85,89.87,-4.52,3.02,97.87,75.94,1
2025-04-28 09:28:48,4.26,5.91,787.15,5200,0.94,42.51,0.96,3.29,52.89,73.22,1
2025-04-28 09:28:52,5.62,6.81,771.06,5200,2.84,133.13,10.86,3.92,95.31,46.13,1
2025-04-28 09:28:55,4.38,6.84,779.32,5200,2.76,82.41,-3.1,1.91,53.17,28.56,0
2025-04-28 09:28:58,7.5,6.83,787.98,5200,1.0,135.83,9.91,2.06,88.11,51.07,1
2025-04-28 09:29:01,7.73,5.41,785.29,5200,0.43,142.09,0.04,4.33,52.29,42.78,0
2025-04-28 09:29:04,3.25,6.06,766.95,5200,1.21,24.02,4.7,3.33,63.25,60.23,1
2025-04-28 09:29:07,3.21,3.31,786.69,5200,0.56,129.54,1.37,4.4,89.79,19.37,0
2025-04-28 09:29:11,7.78,6.66,760.19,5200,3.0,55.97,4.87,2.91,59.22,34.89,0
2025-04-28 09:29:14,4.02,4.5,765.76,5200,1.25,97.21,2.96,2.5,56.48,30.69,0
2025-04-28 09:29:17,6.12,6.49,767.65,5200,2.35,96.47,4.59,2.28,54.78,46.65,1
2025-04-28 09:29:20,2.44,3.04,772.02,5200,1.86,90.02,-1.35,3.13,88.54,65.71,1
2025-04-28 09:29:23,3.05,4.72,762.93,5200,0.57,39.3,-0.84,4.34,70.14,37.12,0
2025-04-28 09:29:26,5.15,4.27,785.28,5200,0.76,70.06,7.91,3.32,72.21,19.01,0
2025-04-28 09:29:30,4.48,5.7,782.76,5200,2.4,60.35,-0.54,1.45,72.41,28.57,0
2025-04-28 09:29:33,6.0,5.97,786.03,5200,2.29,143.93,10.96,2.61,57.53,60.81,1
2025-04-28 09:29:36,5.21,4.29,768.48,5200,2.87,21.25,-4.03,1.21,55.04,13.47,0
2025-04-28 09:29:39,3.3,6.35,762.71,5200,2.22,119.89,0.19,3.26,85.94,65.12,1
2025-04-28 09:29:42,6.04,4.83,777.35,5200,0.72,36.27,5.51,1.29,67.9,73.61,1
2025-04-28 09:29:45,5.28,5.21,781.75,5200,2.45,40.93,-1.3,2.75,79.19,70.18,1
2025-04-28 09:29:48,5.92,4.83,775.0,5200,1.48,96.63,13.47,1.04,60.3,54.59,1
2025-04-28 09:29:52,7.54,6.99,771.84,5200,2.31,88.49,8.66,4.32,72.76,66.36,1
2025-04-28 09:29:55,4.35,4.41,776.65,5200,1.8,33.32,13.85,2.06,67.85,61.54,1
2025-04-28 09:29:58,3.32,3.87,774.41,5200,1.04,35.6,2.89,1.05,57.29,38.48,0
2025-04-28 09:30:01,7.85,5.05,775.88,5200,0.46,38.43,9.52,3.6,97.14,55.71,1
2025-04-28 09:30:04,3.05,3.8,786.77,5200,2.3,85.64,3.3,2.27,69.84,35.64,0
2025-04-28 09:30:07,6.1,6.73,789.08,5200,1.82,34.21,3.34,2.11,58.14,53.46,1
2025-04-28 09:30:11,3.23,4.7,761.72,5200,2.75,28.0,3.41,2.28,80.55,46.77,1
2025-04-28 09:30:14,4.43,3.82,789.83,5200,0.79,49.73,13.42,3.39,66.49,64.46,1
2025-04-28 09:30:17,6.84,3.53,770.63,5200,2.5,81.34,14.84,2.6,82.61,7.72,0
2025-04-28 09:30:20,6.09,6.55,765.51,5200,2.26,130.34,-4.48,3.35,75.74,56.7,1
2025-04-28 09:30:23,2.28,6.13,764.11,5200,1.96,111.74,-2.35,4.34,99.24,45.67,1
2025-04-28 09:30:26,2.33,6.46,777.52,5200,0.92,104.22,9.8,2.69,92.16,16.81,1
2025-04-28 09:30:29,7.94,3.31,769.47,5200,0.28,149.59,11.94,3.01,59.95,9.75,0
2025-04-28 09:30:33,3.75,5.4,780.01,5200,1.02,95.36,8.7,3.31,69.4,15.93,0
2025-04-28 09:30:36,5.88,5.77,789.66,5200,2.56,41.88,-0.65,3.22,66.87,16.06,0
2025-04-28 09:30:39,2.3,4.86,760.1,5200,1.61,71.19,10.61,4.01,68.41,77.34,1
2025-04-28 09:30:42,4.12,5.09,788.89,5200,0.01,99.5,8.48,1.45,63.36,56.74,1
2025-04-28 09:30:45,5.17,5.95,770.99,5200,1.25,41.77,2.55,3.16,70.27,27.66,0
2025-04-28 09:30:49,5.03,5.84,770.96,5200,1.52,61.57,0.06,1.92,70.98,28.07,0
2025-04-28 09:30:52,5.83,6.92,769.75,5200,0.96,51.84,9.43,4.09,67.19,65.04,1
2025-04-28 09:30:55,2.95,4.53,767.27,5200,0.17,133.2,12.18,4.06,61.82,60.33,1
2025-04-28 09:30:58,5.65,5.72,786.58,5200,2.28,147.33,-2.41,3.22,93.34,76.07,1
2025-04-28 09:31:01,7.97,4.59,762.84,5200,1.74,103.18,-4.17,4.02,76.72,71.63,1
2025-04-28 09:31:04,6.81,4.77,776.59,5200,2.65,120.88,10.13,2.32,74.62,57.76,1
2025-04-28 09:31:08,2.57,5.9,776.6,5200,1.76,87.51,4.55,2.41,53.31,65.95,1
2025-04-28 09:31:11,7.89,5.83,784.99,5200,0.97,123.57,-0.03,3.83,60.01,50.37,1
2025-04-28 09:31:14,2.14,3.7,780.61,5200,0.22,90.58,12.23,3.67,76.44,13.98,0
2025-04-28 09:31:17,7.78,4.71,786.03,5200,2.06,89.97,-2.62,2.42,82.33,72.46,1
2025-04-28 09:31:20,3.65,5.68,787.55,5200,1.17,44.55,14.98,2.22,98.73,5.88,0
2025-04-28 09:31:23,7.17,4.96,768.67,5200,2.12,138.05,7.32,1.84,56.08,35.18,0
2025-04-28 09:31:27,6.13,4.78,789.15,5200,2.88,57.28,6.85,3.02,55.82,72.03,1
2025-04-28 09:31:30,6.12,4.14,762.56,5200,1.68,30.29,3.07,3.75,50.35,29.37,0
2025-04-28 09:31:33,2.74,6.1,788.22,5200,0.79,82.21,2.84,3.12,83.64,24.8,0
2025-04-28 09:31:36,4.78,3.46,778.47,5200,1.12,46.38,-4.43,1.16,70.7,48.28,1
2025-04-28 09:31:39,7.81,4.2,781.69,5200,2.09,93.12,7.98,2.39,70.6,34.69,0
2025-04-28 09:31:42,5.47,5.68,789.01,5200,1.31,137.87,8.72,3.43,84.38,12.67,0
2025-04-28 09:31:46,2.72,3.92,780.37,5200,0.3,146.91,6.46,2.25,88.47,74.75,1
2025-04-28 09:31:49,6.58,6.79,760.69,5200,0.16,127.74,8.05,1.88,87.43,58.05,1
2025-04-28 09:31:52,3.84,6.17,768.58,5200,1.36,119.91,2.8,4.35,92.07,67.06,1
2025-04-28 09:31:55,6.94,6.94,777.16,5200,2.34,91.2,-4.67,1.9,94.22,61.98,1
2025-04-28 09:31:58,7.46,6.91,766.84,5200,2.09,25.47,6.81,2.93,86.19,31.35,0
2025-04-28 09:32:01,7.5,3.73,762.11,5200,0.11,143.54,11.34,1.04,76.81,16.46,0
2025-04-28 09:32:05,7.8,4.61,760.14,5200,2.22,83.84,6.88,1.24,73.57,77.5,1
2025-04-28 09:32:08,7.16,6.19,786.79,5200,2.71,66.94,5.98,2.58,73.04,48.21,1
2025-04-28 09:32:11,2.02,5.33,786.56,5200,2.72,24.32,4.55,1.83,62.37,67.44,1
2025-04-28 09:32:14,2.8,6.44,773.51,5200,1.07,68.32,10.54,1.39,99.18,20.33,0
2025-04-28 09:32:17,7.53,5.52,767.35,5200,0.82,80.47,11.67,1.79,54.23,38.67,0
2025-04-28 09:32:20,5.14,6.22,770.68,5200,1.75,132.77,1.26,2.35,60.79,25.04,1
2025-04-28 09:32:23,7.25,4.16,784.03,5200,2.93,78.64,3.42,4.31,66.75,10.2,0
2025-04-28 09:32:27,5.48,5.57,780.37,5200,0.19,31.15,-4.24,1.17,94.67,71.4,1
2025-04-28 09:32:30,7.15,4.01,781.24,5200,2.1,64.67,-1.38,2.94,75.76,12.07,0
2025-04-28 09:32:33,7.85,5.45,786.69,5200,2.38,142.12,9.13,1.28,65.98,72.98,1
2025-04-28 09:32:36,5.95,6.5,788.54,5200,1.01,149.54,12.05,1.15,86.41,37.82,1
2025-04-28 09:32:39,5.29,6.46,766.29,5200,2.15,90.05,10.14,2.63,81.59,16.13,0
2025-04-28 09:32:42,7.9,4.72,773.84,5200,2.3,28.19,3.67,1.51,73.34,51.79,1
2025-04-28 09:32:45,5.75,5.46,768.99,5200,1.98,96.13,-1.14,1.4,75.76,11.84,0
2025-04-28 09:32:49,4.89,5.64,781.98,5200,1.55,148.06,7.54,4.34,74.08,21.03,0
2025-04-28 09:32:52,7.07,4.74,783.28,5200,2.77,95.5,0.8,1.11,56.79,73.29,1
2025-04-28 09:32:55,7.96,6.17,771.48,5200,1.79,113.02,-2.53,1.31,83.87,37.68,0
2025-04-28 09:32:58,7.59,5.45,770.98,5200,0.46,51.3,10.42,1.37,68.35,55.25,1
2025-04-28 09:33:01,4.02,6.43,777.44,5200,0.51,125.01,-0.3,3.39,84.11,35.51,1
2025-04-28 09:33:04,6.96,4.57,772.78,5200,0.77,74.84,-2.77,3.81,75.17,10.49,0
2025-04-28 09:33:08,3.32,4.2,780.87,5200,0.52,88.31,-2.89,4.21,67.54,56.87,1
2025-04-28 09:33:11,3.2,3.87,788.61,5200,2.29,25.84,-2.07,2.33,96.52,55.88,1
2025-04-28 09:33:14,7.48,6.94,769.35,5200,0.29,106.19,1.29,2.42,85.05,10.04,1
2025-04-28 09:33:17,7.5,5.42,774.0,5200,2.72,57.02,-3.42,3.31,88.29,67.48,1
2025-04-28 09:33:20,7.42,5.09,778.33,5200,1.93,93.19,5.52,2.67,59.62,49.29,1
2025-04-28 09:33:23,6.96,6.75,787.19,5200,2.57,40.42,2.82,2.02,89.66,41.12,0
2025-04-28 09:33:27,7.96,3.82,780.91,5200,2.83,110.72,7.83,1.13,82.61,71.94,1
2025-04-28 09:33:30,7.52,4.66,778.41,5200,3.0,67.79,5.14,4.11,52.66,13.85,0
2025-04-28 09:33:33,5.51,3.4,774.08,5200,0.83,77.83,10.95,1.25,67.76,74.0,1
2025-04-28 09:33:36,3.45,6.63,782.69,5200,1.94,101.78,-0.18,3.16,98.54,61.04,1
2025-04-28 09:33:39,7.22,3.79,776.28,5200,1.05,20.11,13.53,2.51,93.82,25.18,0
2025-04-28 09:33:42,4.01,6.53,764.01,5200,2.72,38.33,1.58,3.14,77.08,48.67,1
2025-04-28 09:33:45,7.11,4.7,785.42,5200,2.42,146.91,11.41,1.03,91.4,21.79,0
2025-04-28 09:33:49,6.03,6.64,785.0,5200,0.86,121.32,0.93,4.5,55.98,61.77,1
2025-04-28 09:33:52,5.44,4.91,782.93,5200,1.46,148.08,4.43,3.19,81.9,32.5,0
2025-04-28 09:33:55,5.02,6.76,775.99,5200,0.27,148.65,-4.76,4.19,54.96,67.68,1
2025-04-28 09:33:58,3.79,3.26,775.86,5200,1.29,62.22,9.27,4.05,77.32,6.41,0
2025-04-28 09:34:01,5.28,5.91,771.89,5200,2.27,63.04,13.13,3.41,80.89,15.76,0
2025-04-28 09:34:04,6.97,5.02,773.69,5200,1.13,88.65,-0.53,3.27,89.26,5.63,0
2025-04-28 09:34:08,7.83,4.97,774.02,5200,2.29,32.7,1.47,2.62,52.6,75.42,1
2025-04-28 09:34:11,3.44,5.16,784.85,5200,2.5,140.43,8.69,4.24,84.93,9.09,0
2025-04-28 09:34:14,3.1,6.86,760.97,5200,0.75,52.38,-2.39,2.98,50.07,57.6,1
2025-04-28 09:34:17,5.81,6.98,762.55,5200,2.66,42.74,6.8,3.07,51.86,76.97,1
2025-04-28 09:34:20,2.14,5.62,789.95,5200,2.87,28.15,-1.89,3.15,65.96,54.91,1
2025-04-28 09:34:23,4.76,3.66,787.44,5200,2.56,130.08,5.06,4.25,59.19,68.39,1
2025-04-28 09:34:26,5.65,4.78,770.14,5200,2.05,118.71,-4.49,3.4,61.48,39.0,0
2025-04-28 09:34:30,3.21,5.71,765.52,5200,1.87,84.83,0.19,1.7,80.39,73.5,1
2025-04-28 09:34:33,7.45,6.08,770.8,5200,0.37,51.55,8.76,1.02,88.46,71.53,1
2025-04-28 09:34:36,3.22,3.59,773.81,5200,1.24,58.76,-4.4,3.6,69.59,16.82,0
2025-04-28 09:34:39,6.45,5.55,784.28,5200,0.33,81.17,6.94,2.4,59.38,31.56,0
2025-04-28 09:34:42,2.53,6.54,769.75,5200,2.36,21.82,6.33,1.73,78.01,62.66,1
2025-04-28 09:34:45,5.41,4.72,788.49,5200,2.25,99.68,3.9,2.14,89.08,27.87,0
2025-04-28 09:34:48,6.74,3.46,773.53,5200,2.67,71.05,-4.46,4.05,70.74,77.93,1
2025-04-28 09:34:52,4.91,5.44,789.46,5200,0.98,130.28,-1.26,4.43,54.63,67.99,1
2025-04-28 09:34:55,7.42,4.01,783.41,5200,2.31,140.54,8.12,1.06,95.1,35.86,0
2025-04-28 09:34:58,3.76,4.26,770.65,5200,2.38,49.81,8.62,2.7,93.54,26.08,0
2025-04-28 09:35:01,4.14,5.57,763.24,5200,2.45,73.49,-4.44,2.44,91.99,22.06,0
2025-04-28 09:35:04,5.92,4.74,786.77,5200,0.01,100.75,8.95,1.09,57.97,41.3,0
2025-04-28 09:35:07,3.8,3.41,760.03,5200,2.05,134.32,1.06,1.55,94.28,59.6,1
2025-04-28 09:35:10,5.27,4.5,765.45,5200,0.15,110.81,2.79,3.21,96.6,9.49,0
2025-04-28 09:35:14,3.9,6.56,780.19,5200,0.72,40.25,7.76,1.03,73.26,37.54,0
2025-04-28 09:35:17,6.89,3.4,772.89,5200,0.11,65.87,-0.97,4.33,80.26,44.85,0
2025-04-28 09:35:20,4.54,4.17,768.32,5200,2.76,78.31,-2.05,2.84,65.93,17.94,0
2025-04-28 09:35:23,6.77,5.82,774.46,5200,1.75,34.59,6.71,3.63,76.76,37.78,0
2025-04-28 09:35:26,4.8,3.94,770.85,5200,0.59,140.83,11.83,1.19,98.69,16.03,0
2025-04-28 09:35:29,4.23,4.61,788.42,5200,1.72,106.48,-0.1,1.1,53.72,75.25,1
2025-04-28 09:35:32,3.44,4.41,786.45,5200,1.23,59.82,3.44,4.21,54.78,9.76,0
2025-04-28 09:35:36,6.88,5.52,768.82,5200,2.36,51.49,0.33,3.78,64.59,43.16,0
2025-04-28 09:35:39,6.28,3.32,789.39,5200,1.87,36.82,13.62,4.36,93.06,13.98,0
2025-04-28 09:35:42,7.6,5.16,771.56,5200,2.75,84.76,10.87,3.7,58.5,32.41,0
2025-04-28 09:35:45,7.56,3.87,771.22,5200,2.31,101.35,-4.82,2.21,67.86,53.76,1
2025-04-28 09:35:48,6.72,5.59,767.2,5200,1.52,21.46,14.72,1.58,66.2,49.32,1
2025-04-28 09:35:51,7.42,6.85,774.64,5200,2.6,101.92,1.09,4.02,62.77,25.11,1
2025-04-28 09:35:55,5.18,6.02,776.8,5200,0.77,108.26,-0.08,3.83,92.8,53.32,1
2025-04-28 09:35:58,5.62,6.5,773.45,5200,1.83,20.36,10.6,3.66,51.0,31.73,0
2025-04-28 09:36:01,6.9,3.25,770.95,5200,0.74,106.66,1.05,1.76,55.89,66.33,1
2025-04-28 09:36:04,7.97,5.36,776.21,5200,2.69,124.15,12.03,3.51,61.05,61.63,1
2025-04-28 09:36:07,5.01,3.54,781.64,5200,1.03,46.03,-4.41,2.52,67.38,53.83,1
2025-04-28 09:36:10,3.8,6.11,762.07,5200,1.15,119.42,2.42,4.34,73.15,37.52,0
2025-04-28 09:36:13,7.81,5.86,786.69,5200,0.99,134.75,-0.63,3.4,91.93,44.57,0
2025-04-28 09:36:17,2.62,5.96,762.63,5200,0.81,60.18,9.97,2.52,66.39,30.22,0
2025-04-28 09:36:20,4.65,3.57,773.34,5200,2.53,118.33,6.94,2.64,51.62,79.36,1
2025-04-28 09:36:23,5.23,6.42,766.12,5200,1.92,46.47,5.3,2.05,62.93,55.59,1
2025-04-28 09:36:26,3.79,5.09,765.84,5200,2.31,75.2,3.73,4.21,84.73,64.55,1
2025-04-28 09:36:29,6.37,6.68,766.54,5200,0.47,70.92,-4.87,1.77,62.3,32.29,0
2025-04-28 09:36:32,2.69,3.17,764.51,5200,0.81,65.39,1.88,4.45,67.63,77.14,1
2025-04-28 09:36:36,5.43,4.47,768.15,5200,1.7,41.99,-3.17,2.64,79.36,75.3,1
2025-04-28 09:36:39,7.57,4.89,786.54,5200,0.43,142.69,0.31,4.41,87.03,44.45,0
2025-04-28 09:36:42,5.65,3.37,782.13,5200,1.2,40.68,4.48,2.76,75.22,21.05,0
2025-04-28 09:36:45,4.48,5.45,782.78,5200,2.12,44.3,6.95,3.73,84.33,12.72,0
2025-04-28 09:36:48,3.36,4.56,783.09,5200,2.25,86.9,7.3,1.57,80.31,45.31,0
2025-04-28 09:36:51,5.43,4.43,777.01,5200,1.79,31.15,12.79,2.32,84.53,6.07,0
2025-04-28 09:36:54,7.2,4.83,760.48,5200,1.51,57.52,14.45,1.77,76.59,33.65,0
2025-04-28 09:36:58,4.51,3.49,767.67,5200,0.43,37.02,4.11,2.7,64.51,39.13,0
2025-04-28 09:37:01,6.44,3.82,782.67,5200,1.81,89.6,-3.39,1.28,83.19,62.06,1
2025-04-28 09:37:04,3.84,4.06,780.02,5200,1.84,58.4,-3.62,3.17,54.04,26.02,0
2025-04-28 09:37:07,5.21,4.92,770.87,5200,2.41,39.56,-2.88,2.65,54.04,35.33,0
2025-04-28 09:37:10,5.26,6.45,779.68,5200,0.65,146.66,8.82,3.82,83.6,62.48,1
2025-04-28 09:37:13,5.16,5.71,781.03,5200,1.41,62.13,-2.28,2.78,87.7,75.1,1
2025-04-28 09:37:16,2.54,6.57,768.43,5200,2.05,44.44,-1.14,2.39,61.83,28.65,0
2025-04-28 09:37:20,4.86,4.39,767.49,5200,2.45,129.33,-1.9,2.52,76.53,70.71,1
2025-04-28 09:37:23,5.61,5.28,785.09,5200,0.88,81.89,-1.87,1.97,82.51,42.36,0
2025-04-28 09:37:26,5.01,6.18,783.01,5200,1.15,94.13,5.69,1.77,52.48,56.62,1
2025-04-28 09:37:29,4.18,6.92,783.65,5200,1.4,121.86,9.15,3.14,94.58,36.83,1
2025-04-28 09:37:32,6.22,6.22,772.75,5200,2.47,99.25,6.35,2.69,61.91,77.91,1
2025-04-28 09:37:35,7.64,3.88,783.76,5200,0.77,71.61,1.4,3.97,66.65,23.91,0
2025-04-28 09:37:39,5.04,3.74,761.39,5200,2.93,59.82,6.46,1.09,57.47,79.5,1
2025-04-28 09:37:42,4.29,3.38,789.23,5200,1.95,44.51,8.62,1.52,67.65,51.96,1
2025-04-28 09:37:45,7.48,6.11,780.74,5200,1.81,45.32,7.76,1.46,54.92,42.79,0
2025-04-28 09:37:48,4.74,4.76,782.95,5200,0.69,117.96,-1.7,4.38,77.55,75.23,1
2025-04-28 09:37:51,7.34,4.28,789.13,5200,1.62,72.18,12.01,2.44,73.97,24.1,0
2025-04-28 09:37:54,4.24,4.88,785.8,5200,0.78,78.93,-3.67,4.18,68.34,79.09,1
2025-04-28 09:37:57,3.26,6.3,787.24,5200,1.14,92.88,-0.92,4.21,61.58,77.22,1
2025-04-28 09:38:01,3.83,3.81,770.46,5200,2.99,56.58,3.89,3.14,67.75,18.17,0
2025-04-28 09:38:04,4.43,3.11,785.68,5200,0.26,54.06,-2.05,2.19,95.29,69.43,1
2025-04-28 09:38:07,7.92,3.3,787.05,5200,0.85,90.1,14.25,2.06,97.21,78.78,1
2025-04-28 09:38:10,2.72,5.77,765.66,5200,0.34,72.26,12.34,4.4,74.11,28.24,0
2025-04-28 09:38:13,6.92,6.81,772.43,5200,1.52,90.87,-2.57,4.4,86.39,45.02,0
2025-04-28 09:38:16,4.22,3.4,766.29,5200,2.51,72.78,2.5,3.18,53.89,18.11,0
2025-04-28 09:38:19,5.59,4.95,784.36,5200,2.8,42.92,10.8,1.06,65.84,9.76,0
2025-04-28 09:38:23,4.6,5.53,766.35,5200,1.67,27.71,2.4,2.63,62.14,12.51,0
2025-04-28 09:38:26,5.18,5.31,786.28,5200,2.19,52.96,5.78,2.44,98.18,57.52,1
2025-04-28 09:38:29,6.75,4.94,777.34,5200,2.64,132.77,2.39,3.66,60.88,20.92,0
2025-04-28 09:38:32,5.59,3.12,783.96,5200,2.54,42.89,4.81,2.7,58.31,43.46,0
2025-04-28 09:38:35,4.99,4.12,789.15,5200,1.06,33.51,8.38,3.26,77.58,37.69,0
2025-04-28 09:38:38,3.57,5.06,766.65,5200,1.64,98.15,11.08,4.41,87.63,47.73,1
2025-04-28 09:38:42,2.08,5.2,778.07,5200,0.62,77.98,8.19,3.82,66.36,10.08,0
2025-04-28 09:38:45,6.79,4.09,781.61,5200,2.0,34.82,10.15,2.5,80.86,49.53,1
2025-04-28 09:38:48,4.17,3.52,767.74,5200,0.67,40.52,-4.32,1.83,55.43,18.06,0
2025-04-28 09:38:51,5.08,6.63,786.84,5200,2.84,122.75,-0.0,1.38,62.13,77.44,1
2025-04-28 09:38:54,5.39,6.25,775.06,5200,2.61,74.07,-1.62,4.28,90.63,59.57,1
2025-04-28 09:38:57,2.88,5.95,760.58,5200,1.63,118.29,11.07,1.12,94.66,33.04,0
2025-04-28 09:39:00,6.78,4.49,786.5,5200,0.43,78.95,2.86,1.93,77.58,33.83,0
2025-04-28 09:39:04,3.93,5.24,772.29,5200,2.27,22.97,11.58,1.19,59.4,79.19,1
2025-04-28 09:39:07,7.0,3.24,766.54,5200,0.7,88.32,-3.7,1.18,86.4,24.1,0
2025-04-28 09:39:10,7.57,3.16,776.11,5200,0.76,103.71,10.27,2.77,65.01,50.04,1
2025-04-28 09:39:13,3.04,6.08,770.09,5200,2.38,85.16,5.41,3.19,82.53,13.83,0
2025-04-28 09:39:16,7.09,4.49,766.33,5200,1.11,106.72,6.27,3.45,75.96,19.43,0
2025-04-28 09:39:19,4.79,5.51,771.5,5200,1.53,82.98,5.71,1.03,91.34,26.67,0
2025-04-28 09:39:23,6.82,4.02,784.19,5200,0.57,70.79,6.25,2.67,61.77,24.82,0
2025-04-28 09:39:26,4.92,4.34,763.71,5200,1.33,20.24,9.73,4.1,62.48,37.84,0
2025-04-28 09:39:29,2.81,4.0,761.67,5200,1.42,142.51,9.83,4.44,68.89,14.49,0
2025-04-28 09:39:32,3.5,3.2,769.66,5200,1.2,38.04,3.05,1.98,51.12,57.36,1
2025-04-28 09:39:35,5.97,4.41,772.64,5200,0.49,103.52,10.58,1.83,50.35,36.4,0
2025-04-28 09:39:38,5.6,4.94,770.67,5200,1.1,87.13,10.73,1.29,50.76,62.43,1
2025-04-28 09:39:41,4.57,6.89,765.75,5200,2.76,74.8,8.52,3.85,88.73,14.67,0
2025-04-28 09:39:45,5.4,4.84,775.69,5200,2.0,28.61,4.15,3.24,68.47,63.69,1
2025-04-28 09:39:48,4.8,3.69,775.06,5200,1.87,145.0,0.48,2.74,96.14,68.67,1
2025-04-28 09:39:51,5.28,3.64,763.23,5200,2.49,85.92,12.06,4.1,73.87,22.65,0
2025-04-28 09:39:54,6.38,6.79,789.3,5200,0.01,137.93,6.09,1.91,83.67,65.23,1
2025-04-28 09:39:57,4.46,6.46,776.23,5200,2.75,50.4,1.65,3.59,87.42,8.13,0
2025-04-28 09:40:00,4.61,5.32,772.22,5200,0.47,92.89,0.57,2.37,64.24,9.51,0
2025-04-28 09:40:04,4.07,5.6,784.1,5200,0.63,129.88,-0.46,4.02,91.07,46.47,1
2025-04-28 09:40:07,5.58,5.12,769.57,5200,1.45,62.83,0.54,1.93,66.49,69.89,1
2025-04-28 09:40:10,5.46,6.64,789.36,5200,0.55,29.55,6.68,4.18,65.27,21.87,0
2025-04-28 09:40:13,2.12,3.15,780.48,5200,2.45,78.73,6.52,1.62,70.39,79.34,1
2025-04-28 09:40:16,2.98,6.22,776.69,5200,2.33,58.25,-3.1,1.88,99.02,57.1,1
2025-04-28 09:40:19,7.66,4.2,763.49,5200,2.06,42.82,9.46,2.26,59.11,78.05,1
2025-04-28 09:40:22,2.56,6.45,762.72,5200,1.91,108.67,0.27,2.24,84.91,50.37,1
2025-04-28 09:40:26,4.22,6.82,783.59,5200,2.35,40.34,8.35,3.24,67.28,12.9,0
2025-04-28 09:40:29,5.33,5.17,765.55,5200,2.82,120.58,3.37,1.4,91.88,29.18,0
2025-04-28 09:40:32,2.61,6.05,765.66,5200,2.94,120.31,-2.12,3.43,61.3,41.31,0
2025-04-28 09:40:35,5.43,6.43,776.02,5200,2.32,131.24,13.9,1.11,70.62,21.02,1
2025-04-28 09:40:38,6.18,6.01,779.95,5200,0.16,46.38,1.07,1.18,82.06,46.26,1
2025-04-28 09:40:41,7.56,5.99,779.98,5200,0.13,127.22,-2.72,3.74,71.88,55.38,1
2025-04-28 09:40:45,6.8,3.98,782.71,5200,2.36,86.11,8.44,3.98,92.74,51.99,1
2025-04-28 09:40:48,2.4,5.64,776.51,5200,2.88,77.48,10.12,3.42,83.7,32.98,0
2025-04-28 09:40:51,6.36,6.08,764.42,5200,1.36,148.81,8.56,1.21,55.4,55.55,1
2025-04-28 09:40:54,4.55,3.16,770.58,5200,0.88,102.9,-2.06,4.3,95.53,33.43,0
2025-04-28 09:40:57,4.2,6.46,767.15,5200,0.7,119.39,-4.22,1.28,71.14,73.86,1
2025-04-28 09:41:00,6.21,5.78,768.36,5200,1.98,25.38,-2.03,2.32,56.91,67.33,1
2025-04-28 09:41:03,7.28,3.68,770.04,5200,1.7,118.92,13.61,2.41,56.65,67.52,1
2025-04-28 09:41:06,3.11,6.83,774.17,5200,1.45,83.44,11.61,4.24,79.76,62.18,1
2025-04-28 09:41:10,6.54,5.02,763.89,5200,0.31,123.04,-2.74,1.74,76.36,56.93,1
2025-04-28 09:41:13,6.47,5.99,765.86,5200,0.02,139.53,-4.64,1.45,87.89,56.4,1
2025-04-28 09:41:16,5.22,5.13,781.79,5200,1.43,82.77,2.88,2.67,71.46,39.04,0
2025-04-28 09:41:19,7.16,6.13,774.49,5200,0.96,137.18,-4.15,3.51,69.76,63.65,1
2025-04-28 09:41:22,7.25,4.19,785.3,5200,2.2,27.02,13.86,4.14,79.16,9.74,0
2025-04-28 09:41:25,7.82,4.86,761.7,5200,0.65,54.67,5.23,1.75,76.86,36.36,0
2025-04-28 09:41:28,6.74,6.61,769.05,5200,1.35,69.84,-4.05,1.64,70.95,36.03,0
2025-04-28 09:41:32,4.05,4.63,785.6,5200,1.45,105.63,-0.66,1.62,65.77,22.06,0
2025-04-28 09:41:35,7.87,3.14,786.72,5200,0.09,106.07,3.18,2.78,64.88,10.05,0
2025-04-28 09:41:38,6.02,6.08,763.89,5200,0.93,66.98,13.33,3.63,71.96,62.87,1
2025-04-28 09:41:41,3.35,6.45,786.4,5200,1.81,97.71,-2.67,3.96,84.12,42.7,0
2025-04-28 09:41:44,5.36,3.11,762.52,5200,1.24,76.04,-3.14,4.39,88.79,19.61,0
2025-04-28 09:41:47,3.39,3.4,762.74,5200,2.59,74.63,2.58,4.19,76.56,46.64,1
2025-04-28 09:41:50,3.61,4.25,772.15,5200,1.7,97.32,5.36,1.09,80.11,44.27,0
2025-04-28 09:41:54,5.58,6.22,766.21,5200,2.84,123.3,10.64,1.58,66.6,17.99,1
2025-04-28 09:41:57,6.47,6.78,761.44,5200,2.85,118.98,4.55,2.67,71.7,12.12,1
2025-04-28 09:42:00,3.57,4.39,762.76,5200,2.08,102.56,9.84,3.37,96.54,71.72,1
2025-04-28 09:42:03,3.62,3.97,760.28,5200,0.65,22.26,1.01,3.44,58.12,10.04,0
2025-04-28 09:42:06,3.14,5.63,774.12,5200,0.18,42.94,5.86,1.62,92.42,23.05,0
2025-04-28 09:42:09,4.14,5.14,770.66,5200,2.0,140.62,7.75,2.78,81.98,54.23,1
2025-04-28 09:42:13,7.8,4.32,784.65,5200,2.17,99.1,-1.83,2.98,52.74,5.9,0
2025-04-28 09:42:16,6.64,3.54,789.24,5200,2.91,104.77,6.52,1.42,61.25,46.92,1
2025-04-28 09:42:19,5.32,4.22,789.54,5200,1.01,125.99,8.05,2.69,52.3,17.66,0
2025-04-28 09:42:22,2.08,3.21,776.56,5200,2.7,50.74,8.45,3.09,65.4,69.19,1
2025-04-28 09:42:25,7.75,6.99,776.49,5200,1.5,92.69,-0.78,1.74,72.25,39.13,0
2025-04-28 09:42:28,3.67,3.44,768.64,5200,2.77,107.3,2.86,1.32,99.93,9.92,0
2025-04-28 09:42:31,2.23,6.34,763.17,5200,0.06,34.15,6.9,2.31,88.8,54.91,1
2025-04-28 09:42:34,7.76,3.94,775.53,5200,2.93,119.01,2.77,1.81,94.99,30.57,0
2025-04-28 09:42:38,4.94,6.15,779.26,5200,2.79,51.07,4.53,3.59,74.62,76.42,1
2025-04-28 09:42:41,3.8,6.83,782.49,5200,0.26,63.68,8.38,1.53,73.3,72.74,1
2025-04-28 09:42:44,6.79,6.95,788.99,5200,1.68,90.69,4.01,2.1,62.38,20.7,0
2025-04-28 09:42:47,2.13,3.18,764.13,5200,2.36,32.5,2.59,2.07,79.91,67.75,1
2025-04-28 09:42:50,3.26,4.64,780.22,5200,2.93,23.26,8.75,1.45,85.69,52.72,1
2025-04-28 09:42:53,6.67,6.36,768.31,5200,2.77,21.48,-1.61,4.19,91.58,71.57,1
2025-04-28 09:42:57,2.62,4.48,765.69,5200,0.75,64.31,-2.31,4.11,83.14,12.35,0
2025-04-28 09:43:00,6.2,4.07,761.8,5200,2.19,104.46,12.81,1.67,52.18,5.24,0
2025-04-28 09:43:03,6.75,6.2,788.15,5200,2.69,82.5,7.85,1.76,82.18,71.03,1
2025-04-28 09:43:06,2.37,5.54,785.09,5200,2.92,30.61,0.62,3.51,98.6,51.17,1
2025-04-28 09:43:09,4.51,6.18,775.3,5200,2.22,80.23,-0.53,3.25,81.86,46.18,1
2025-04-28 09:43:12,7.67,4.65,764.33,5200,2.58,37.45,13.58,2.63,79.51,65.11,1
2025-04-28 09:43:15,5.54,6.14,764.47,5200,0.65,115.08,-2.62,3.67,61.3,31.42,0
2025-04-28 09:43:19,2.81,3.59,766.0,5200,2.41,27.51,7.02,2.91,61.65,52.37,1
2025-04-28 09:43:22,3.13,6.01,766.36,5200,2.43,62.68,-4.9,1.15,50.9,11.92,0
2025-04-28 09:43:25,2.25,6.81,780.32,5200,1.61,115.56,9.16,2.31,52.17,13.3,1
2025-04-28 09:43:28,4.52,5.27,781.0,5200,0.75,117.69,-4.32,3.81,66.38,48.91,1
2025-04-28 09:43:31,3.52,6.64,787.97,5200,2.14,23.75,2.89,1.73,85.53,26.38,0
2025-04-28 09:43:34,4.38,4.28,776.04,5200,1.01,84.2,0.17,2.1,89.26,46.96,1
2025-04-28 09:43:37,2.22,6.8,783.11,5200,0.7,58.29,8.31,4.09,71.43,9.09,0
2025-04-28 09:43:41,7.06,6.91,772.36,5200,1.87,123.27,13.89,2.63,57.89,10.72,1
2025-04-28 09:43:44,5.79,6.19,789.44,5200,2.61,133.04,1.88,1.45,79.04,58.66,1
2025-04-28 09:43:47,4.33,5.59,783.38,5200,1.46,64.02,10.25,3.85,56.73,19.47,0
2025-04-28 09:43:50,6.12,3.21,775.43,5200,2.7,136.5,4.03,1.91,82.99,13.59,0
2025-04-28 09:43:53,4.31,6.93,764.43,5200,1.28,71.06,12.38,3.76,64.45,50.07,1
2025-04-28 09:43:56,5.32,6.55,776.54,5200,1.33,41.98,-3.0,1.36,57.03,68.27,1
2025-04-28 09:43:59,4.13,6.21,770.04,5200,1.33,22.03,14.88,4.3,99.04,44.64,0
2025-04-28 09:44:03,4.69,6.65,779.89,5200,2.68,103.74,2.79,2.01,57.38,62.77,1
2025-04-28 09:44:06,3.94,4.54,765.64,5200,2.64,129.15,14.29,1.78,75.19,33.09,0
2025-04-28 09:44:09,4.89,4.98,761.01,5200,0.53,111.85,14.19,3.36,69.79,44.63,0
2025-04-28 09:44:12,3.07,5.66,778.74,5200,2.68,83.43,9.55,3.23,62.93,23.03,0
2025-04-28 09:44:15,3.2,5.91,760.09,5200,1.83,90.47,2.21,2.04,53.63,49.88,1
2025-04-28 09:44:18,6.62,5.85,781.63,5200,1.63,139.51,8.13,4.34,55.42,61.81,1
2025-04-28 09:44:21,4.68,4.56,783.7,5200,0.33,69.17,-2.02,1.52,89.4,69.48,1
2025-04-28 09:44:25,4.97,5.4,762.62,5200,2.6,148.34,11.66,2.71,86.21,9.88,0
2025-04-28 09:44:28,4.03,6.83,766.56,5200,1.11,101.98,8.09,4.42,55.48,33.61,0
2025-04-28 09:44:31,5.5,6.88,780.08,5200,2.98,95.75,3.52,2.66,55.11,51.08,1
2025-04-28 09:44:34,4.27,5.81,775.6,5200,0.73,86.64,-3.18,2.46,52.63,25.52,0
2025-04-28 09:44:37,3.34,6.56,763.07,5200,1.47,139.73,6.62,1.86,88.49,58.28,1
2025-04-28 09:44:40,7.71,5.98,763.91,5200,0.39,91.82,2.76,1.9,68.93,22.87,0
2025-04-28 09:44:43,2.79,4.48,772.27,5200,0.48,95.32,13.25,3.86,85.83,37.74,0
2025-04-28 09:44:46,2.09,4.37,783.9,5200,1.7,75.23,0.36,2.55,65.95,20.17,0
2025-04-28 09:44:50,6.84,5.38,766.37,5200,1.89,41.87,3.4,1.15,52.21,68.2,1
2025-04-28 09:44:53,6.94,3.92,777.41,5200,2.61,87.29,-0.05,4.06,73.73,49.89,1
2025-04-28 09:44:56,3.38,5.2,780.87,5200,2.01,78.86,-2.08,2.96,71.68,19.29,0
2025-04-28 09:44:59,7.39,4.9,767.79,5200,2.49,75.42,4.63,2.83,80.68,46.96,1
2025-04-28 09:45:02,2.1,5.36,765.89,5200,2.69,44.77,11.87,2.59,88.25,28.32,0
2025-04-28 09:45:05,5.25,3.08,786.48,5200,1.93,31.31,-3.8,1.82,79.79,79.25,1
2025-04-28 09:45:08,6.57,5.99,772.78,5200,0.59,136.76,11.22,3.36,78.71,10.35,0
2025-04-28 09:45:12,7.81,5.87,776.81,5200,1.93,62.79,11.65,1.53,99.14,18.2,0
2025-04-28 09:45:15,5.99,5.76,788.41,5200,1.97,67.99,8.0,2.56,57.22,66.95,1
2025-04-28 09:45:18,6.18,4.94,789.0,5200,1.08,115.88,13.27,1.4,56.09,44.06,0
2025-04-28 09:45:21,5.93,3.15,761.42,5200,1.78,114.59,6.89,4.46,89.75,76.81,1
2025-04-28 09:45:24,3.35,6.93,763.24,5200,1.48,73.44,1.54,3.32,82.22,69.31,1
2025-04-28 09:45:27,7.14,5.01,783.32,5200,0.07,123.25,-2.42,3.41,70.28,76.53,1
2025-04-28 09:45:30,6.08,3.76,764.96,5200,1.39,85.4,11.48,1.74,68.78,54.26,1
2025-04-28 09:45:33,5.88,3.52,761.43,5200,1.3,82.01,2.99,2.67,93.5,37.03,0
2025-04-28 09:45:37,6.01,4.55,761.73,5200,2.13,64.06,7.92,1.54,66.07,20.72,0
2025-04-28 09:45:40,2.4,3.18,772.9,5200,1.62,131.99,14.16,1.08,74.04,21.03,0
2025-04-28 09:45:43,5.44,6.14,769.94,5200,0.08,140.25,-0.69,2.53,63.8,35.75,0
2025-04-28 09:45:46,5.95,3.78,783.53,5200,0.72,121.02,3.01,2.62,69.95,57.82,1
2025-04-28 09:45:49,7.12,6.34,767.59,5200,0.73,98.11,11.64,1.94,76.51,56.15,1
2025-04-28 09:45:52,6.04,3.17,772.01,5200,1.61,66.96,-2.98,3.97,69.47,31.22,0
2025-04-28 09:45:55,4.1,5.21,765.3,5200,2.07,70.63,5.51,3.32,78.68,41.25,0
2025-04-28 09:45:59,6.94,5.88,780.65,5200,2.2,67.65,11.0,1.65,68.38,50.51,1
2025-04-28 09:46:02,7.49,6.9,779.84,5200,1.72,31.28,9.67,4.33,52.0,58.98,1
2025-04-28 09:46:06,7.56,6.5,782.63,5200,1.33,134.01,-4.13,1.84,91.9,44.45,1
2025-04-28 09:46:09,4.42,5.32,761.27,5200,0.31,107.43,3.77,1.28,87.76,22.48,0
2025-04-28 09:46:12,3.26,3.29,782.94,5200,2.04,51.98,14.44,3.04,76.57,69.28,1
2025-04-28 09:46:16,7.47,3.65,789.29,5200,0.14,50.69,8.97,2.6,56.84,21.89,0
2025-04-28 09:46:19,5.2,4.99,772.86,5200,2.24,44.33,-4.61,1.59,72.74,53.3,1
2025-04-28 09:46:22,2.83,5.95,782.45,5200,2.63,85.16,5.96,1.82,77.76,14.68,0
2025-04-28 09:46:25,6.34,5.16,765.81,5200,1.11,71.71,9.69,1.06,84.15,78.18,1
2025-04-28 09:46:28,5.26,5.73,778.85,5200,0.88,91.08,3.46,2.18,99.34,50.18,1
2025-04-28 09:46:32,7.86,3.4,788.75,5200,2.83,54.17,10.76,3.7,57.47,50.41,1
2025-04-28 09:46:35,3.6,5.01,770.25,5200,2.35,143.05,-1.22,4.08,59.44,7.14,0
2025-04-28 09:46:38,7.26,3.51,788.13,5200,1.75,77.1,1.75,3.81,87.37,9.28,0
2025-04-28 09:46:41,2.81,6.63,781.93,5200,0.82,64.06,2.52,3.6,85.24,66.28,1
2025-04-28 09:46:45,5.0,6.93,782.26,5200,1.36,111.21,0.13,3.5,73.59,9.69,1
2025-04-28 09:46:48,5.04,5.99,760.52,5200,0.9,38.39,8.37,2.8,69.54,23.57,0
2025-04-28 09:46:51,4.15,6.61,768.64,5200,0.22,105.71,13.07,4.19,81.6,56.87,1
2025-04-28 09:46:55,5.21,6.71,776.67,5200,0.58,25.21,14.15,2.94,92.67,40.61,0
2025-04-28 09:46:58,3.83,6.7,762.27,5200,1.53,55.48,-1.8,3.47,82.62,58.36,1
2025-04-28 09:47:01,5.77,4.61,780.7,5200,2.35,40.71,5.86,1.01,92.57,26.79,0
2025-04-28 09:47:04,2.07,6.24,770.42,5200,0.86,91.38,11.84,3.15,85.5,7.92,0
2025-04-28 09:47:07,4.2,5.11,783.96,5200,0.4,21.55,8.7,4.49,91.74,78.34,1
2025-04-28 09:47:11,5.15,6.71,789.35,5200,0.94,125.25,9.71,1.56,79.77,71.56,1
2025-04-28 09:47:14,6.38,6.56,769.67,5200,0.46,121.61,-3.01,2.54,61.93,37.93,1
2025-04-28 09:47:17,6.26,4.23,772.22,5200,1.74,34.26,6.43,3.78,50.88,38.04,0
2025-04-28 09:47:20,2.23,6.74,764.54,5200,0.87,22.4,2.5,1.05,93.68,77.31,1
2025-04-28 09:47:23,7.9,4.01,761.7,5200,1.68,128.24,-2.52,4.15,90.03,35.33,0
2025-04-28 09:47:27,6.67,3.33,762.78,5200,0.03,29.2,3.9,1.9,51.96,28.2,0
2025-04-28 09:47:30,4.02,6.68,767.26,5200,0.16,75.06,4.76,1.81,51.03,35.89,0
2025-04-28 09:47:33,3.52,3.96,781.03,5200,0.04,47.05,12.13,1.23,92.86,36.73,0
2025-04-28 09:47:36,4.82,6.45,778.01,5200,1.04,84.31,1.52,4.25,60.89,57.07,1
2025-04-28 09:47:39,5.15,4.03,766.16,5200,2.98,27.39,9.28,4.09,58.31,38.07,0
2025-04-28 09:47:42,6.94,4.91,762.12,5200,0.32,50.1,1.69,3.02,67.77,15.44,0
2025-04-28 09:47:45,3.86,6.48,772.7,5200,1.3,91.21,5.17,1.82,76.76,19.96,0
2025-04-28 09:47:49,7.78,4.96,771.41,5200,2.35,36.74,4.66,3.75,72.88,78.98,1
2025-04-28 09:47:52,3.11,3.79,785.42,5200,2.8,51.74,12.35,2.0,55.37,28.2,0
2025-04-28 09:47:55,2.96,6.2,779.44,5200,0.36,87.07,-4.82,2.01,88.93,27.06,0
2025-04-28 09:47:58,7.06,4.06,788.32,5200,0.2,118.43,5.37,3.81,66.06,51.81,1
2025-04-28 09:48:01,6.36,3.77,777.0,5200,0.71,95.07,2.52,4.1,53.78,12.23,0
2025-04-28 09:48:05,2.61,6.41,763.8,5200,0.79,64.01,3.9,4.08,96.45,41.18,0
2025-04-28 09:48:08,4.35,3.1,764.42,5200,0.4,111.15,-3.18,4.02,86.85,72.21,1
2025-04-28 09:48:11,3.15,4.2,772.96,5200,1.17,44.92,-0.39,1.13,60.08,73.18,1
2025-04-28 09:48:14,5.12,5.77,761.8,5200,0.27,92.01,12.35,1.96,95.18,13.23,0
2025-04-28 09:48:17,6.57,4.65,772.27,5200,2.15,146.84,11.11,1.88,75.47,49.77,1
2025-04-28 09:48:20,2.27,6.55,783.03,5200,1.07,146.34,11.1,3.46,87.49,8.93,1
2025-04-28 09:48:23,7.17,5.33,787.28,5200,2.5,115.64,9.61,2.9,66.23,72.42,1
2025-04-28 09:48:27,3.19,4.45,782.0,5200,1.29,114.44,-2.27,3.43,89.3,63.92,1
2025-04-28 09:48:30,7.95,4.62,765.83,5200,1.24,121.64,-4.38,1.22,67.06,20.9,0
2025-04-28 09:48:33,4.23,6.27,765.18,5200,1.11,99.6,2.04,2.94,63.5,35.69,0
2025-04-28 09:48:36,7.86,3.57,767.17,5200,1.04,115.9,-0.52,1.07,85.64,59.44,1
2025-04-28 09:48:39,3.3,5.6,771.75,5200,2.08,124.49,7.31,3.57,65.74,47.18,1
2025-04-28 09:48:42,3.36,6.76,776.0,5200,1.32,75.71,-4.22,1.69,76.11,43.89,0
2025-04-28 09:48:46,3.39,3.34,773.63,5200,2.48,50.65,10.86,1.62,64.26,5.18,0
2025-04-28 09:48:49,2.03,4.39,760.95,5200,2.83,147.94,11.83,4.41,97.41,69.93,1
2025-04-28 09:48:52,2.53,5.16,774.89,5200,2.87,117.6,6.82,2.56,60.52,25.51,0
2025-04-28 09:48:55,6.95,3.46,788.36,5200,1.23,97.05,1.92,4.18,74.52,62.68,1
2025-04-28 09:48:58,7.98,3.27,774.69,5200,2.8,51.97,7.27,2.99,69.55,26.08,0
2025-04-28 09:49:01,4.19,6.43,760.06,5200,1.05,141.16,0.22,3.67,62.0,21.08,1
2025-04-28 09:49:04,4.84,5.3,768.74,5200,1.31,25.63,12.81,1.18,94.15,56.19,1
2025-04-28 09:49:08,7.11,5.92,765.39,5200,1.26,62.22,7.75,3.15,77.28,36.77,0
2025-04-28 09:49:11,7.89,3.36,767.82,5200,0.57,100.65,1.31,2.63,90.42,7.02,0
2025-04-28 09:49:14,5.99,4.39,761.54,5200,2.59,54.08,-2.56,4.48,71.59,65.25,1
2025-04-28 09:49:17,6.32,5.7,788.72,5200,0.04,72.39,6.1,1.5,57.23,29.78,0
2025-04-28 09:49:20,6.31,5.93,764.44,5200,1.85,76.97,10.87,2.3,75.65,38.21,0
2025-04-28 09:49:23,5.12,6.38,762.01,5200,0.26,126.99,13.97,1.78,63.63,68.48,1
2025-04-28 09:49:27,2.59,6.59,767.78,5200,2.21,129.65,6.04,3.41,93.99,22.52,1
2025-04-28 09:49:30,2.07,3.53,778.44,5200,0.77,96.69,-4.58,3.99,51.37,52.41,1
2025-04-28 09:49:33,7.5,4.16,785.42,5200,1.75,87.5,0.9,4.02,59.71,20.36,0
2025-04-28 09:49:36,2.0,3.09,787.79,5200,0.63,66.41,-1.58,3.24,79.5,20.58,0
2025-04-28 09:49:39,3.66,5.16,783.68,5200,1.89,38.51,13.88,1.41,76.63,5.68,0
2025-04-28 09:49:42,6.82,3.85,776.03,5200,1.07,65.87,11.97,3.99,50.32,32.28,0
2025-04-28 09:49:45,5.31,3.73,768.16,5200,1.06,122.17,5.1,3.22,63.98,69.22,1
2025-04-28 09:49:49,6.69,5.33,786.28,5200,0.87,65.26,11.93,2.42,89.62,8.11,0
2025-04-28 09:49:52,5.22,4.63,787.91,5200,0.75,27.61,3.47,2.84,96.57,46.36,1
2025-04-28 09:49:55,3.81,6.26,776.14,5200,1.27,82.89,10.4,1.45,97.75,48.29,1
2025-04-28 09:49:58,4.32,5.25,775.51,5200,2.06,71.64,-4.81,2.25,66.42,19.57,0
2025-04-28 09:50:01,3.86,6.16,775.14,5200,0.76,72.72,-4.35,3.42,63.48,30.5,0
2025-04-28 09:50:04,3.07,3.76,772.96,5200,0.31,59.89,7.43,3.4,77.89,25.35,0
2025-04-28 09:50:07,4.87,4.45,781.05,5200,1.23,59.29,10.46,2.84,71.58,37.76,0
2025-04-28 09:50:11,7.47,4.42,767.05,5200,2.28,135.13,7.27,3.05,68.23,24.75,0
2025-04-28 09:50:14,7.05,6.7,772.97,5200,0.89,46.22,4.53,1.3,88.57,61.44,1
2025-04-28 09:50:17,4.9,4.27,789.34,5200,1.7,35.26,-0.89,1.15,84.08,23.09,0
2025-04-28 09:50:20,7.39,4.25,767.96,5200,2.49,105.58,6.89,3.76,95.68,63.59,1
2025-04-28 09:50:23,7.27,3.19,780.89,5200,0.85,20.68,11.33,2.61,51.77,19.5,0
2025-04-28 09:50:26,4.22,5.02,789.25,5200,2.7,126.66,-1.01,2.24,50.86,32.76,0
2025-04-28 09:50:30,3.68,4.99,764.01,5200,2.98,120.6,11.97,3.55,97.66,37.87,0
2025-04-28 09:50:33,3.97,3.11,761.83,5200,0.9,101.42,10.28,3.05,65.24,53.71,1
2025-04-28 09:50:36,2.91,3.87,776.57,5200,0.69,23.47,-1.84,2.76,70.36,64.57,1
2025-04-28 09:50:40,2.56,6.6,761.08,5200,2.71,26.63,-0.64,3.88,69.53,31.81,0
2025-04-28 09:50:43,2.61,4.82,769.06,5200,0.52,102.22,11.4,3.29,77.35,19.49,0
2025-04-28 09:50:46,6.7,3.6,760.47,5200,0.43,27.95,14.81,1.22,73.1,72.69,1
2025-04-28 09:50:49,2.19,4.65,788.19,5200,0.04,120.47,-3.02,1.27,95.26,30.84,0
2025-04-28 09:50:52,2.47,3.16,773.3,5200,0.08,122.6,11.78,2.55,83.4,57.52,1
2025-04-28 09:50:55,7.41,4.14,772.55,5200,0.16,113.72,-2.43,4.21,77.76,52.43,1
2025-04-28 09:50:58,4.85,3.14,772.33,5200,1.94,132.05,-2.05,2.75,72.68,38.16,0
2025-04-28 09:51:02,6.95,4.38,771.87,5200,1.06,48.54,0.75,3.91,53.47,8.56,0
2025-04-28 09:51:05,4.63,4.75,772.11,5200,1.57,115.22,-1.86,2.33,66.46,70.0,1
2025-04-28 09:51:08,3.15,6.19,774.44,5200,0.71,140.26,2.05,3.79,58.14,60.57,1
2025-04-28 09:51:11,3.1,4.16,772.46,5200,1.36,88.99,5.83,3.13,77.81,22.34,0
2025-04-28 09:51:14,7.44,3.26,788.46,5200,1.73,95.3,6.74,2.55,95.7,68.79,1
2025-04-28 09:51:17,2.09,6.27,780.59,5200,1.28,61.18,-1.48,2.07,82.61,47.65,1
2025-04-28 09:51:20,6.71,5.7,779.04,5200,2.79,52.57,14.98,3.3,67.43,32.89,0
2025-04-28 09:51:24,3.96,6.78,767.95,5200,1.33,98.72,5.88,2.69,72.0,25.66,0
2025-04-28 09:51:27,3.01,4.22,772.89,5200,2.83,53.93,-0.53,2.89,80.14,51.07,1
2025-04-28 09:51:30,5.9,4.14,788.1,5200,2.88,66.41,12.02,2.43,87.57,47.76,1
2025-04-28 09:51:33,4.31,3.09,770.83,5200,2.22,65.62,10.3,2.99,94.1,45.75,0
2025-04-28 09:51:36,7.61,3.95,767.53,5200,1.06,137.33,5.33,2.63,74.92,6.96,0
2025-04-28 09:51:39,4.05,5.51,787.83,5200,2.03,88.58,4.68,4.46,76.79,18.33,0
2025-04-28 09:51:42,5.03,4.69,787.52,5200,2.36,117.01,-3.91,2.73,51.33,73.72,1
2025-04-28 09:51:46,5.75,5.11,765.67,5200,1.19,48.11,6.55,2.65,77.69,5.86,0
2025-04-28 09:51:49,7.66,3.75,760.33,5200,0.94,50.25,-1.22,2.45,66.63,51.9,1
2025-04-28 09:51:52,5.81,5.56,765.34,5200,1.4,76.05,13.9,1.26,71.64,79.97,1
2025-04-28 09:51:55,5.17,6.84,760.71,5200,0.68,94.04,2.72,4.33,53.64,77.52,1
2025-04-28 09:51:58,6.43,3.68,763.26,5200,1.3,118.09,9.72,3.61,82.06,8.63,0
2025-04-28 09:52:01,5.71,5.69,780.19,5200,0.17,89.15,-1.11,3.57,87.11,16.48,0
2025-04-28 09:52:04,4.72,6.17,760.87,5200,2.5,97.34,2.91,2.51,97.43,66.07,1
2025-04-28 09:52:08,2.03,5.81,781.76,5200,1.91,57.91,14.87,3.92,89.46,68.89,1
2025-04-28 09:52:11,2.24,6.52,765.25,5200,0.48,54.38,-0.2,3.56,64.34,45.86,0
2025-04-28 09:52:14,6.63,6.18,786.69,5200,0.0,34.49,14.21,3.38,50.77,40.98,0
2025-04-28 09:52:17,6.4,3.01,762.81,5200,0.86,127.5,10.63,2.78,58.82,78.56,1
2025-04-28 09:52:20,5.56,5.53,761.35,5200,2.53,41.8,-1.82,1.12,51.21,62.96,1
2025-04-28 09:52:23,3.11,6.42,768.7,5200,0.98,29.99,14.47,3.83,53.49,36.29,0
2025-04-28 09:52:26,7.29,5.98,761.03,5200,2.39,134.45,10.14,1.78,52.03,20.79,0
2025-04-28 09:52:30,4.41,5.78,786.13,5200,1.62,142.65,1.96,2.28,81.41,30.84,0
2025-04-28 09:52:33,5.8,3.66,771.65,5200,0.32,136.99,5.97,2.18,73.83,64.82,1
2025-04-28 09:52:36,6.95,5.16,780.69,5200,1.31,136.84,13.74,2.77,76.94,61.24,1
2025-04-28 09:52:39,6.53,3.65,789.51,5200,2.48,65.69,4.03,1.38,88.53,23.18,0
2025-04-28 09:52:42,5.15,5.97,772.36,5200,1.1,110.15,4.63,2.08,51.58,20.22,0
2025-04-28 09:52:45,7.79,6.96,764.07,5200,0.53,79.25,-2.65,3.71,77.31,40.31,0
2025-04-28 09:52:48,7.57,6.38,780.11,5200,2.96,145.42,-2.35,2.2,56.29,74.29,1
2025-04-28 09:52:52,5.06,5.29,782.12,5200,1.1,27.5,9.51,1.85,67.31,73.27,1
2025-04-28 09:52:55,2.57,5.9,778.0,5200,3.0,109.2,-2.62,4.37,76.71,22.13,0
2025-04-28 09:52:58,6.9,6.59,779.13,5200,2.2,53.08,10.24,3.88,61.34,78.29,1
2025-04-28 09:53:01,4.58,6.93,785.28,5200,0.3,124.13,14.22,2.41,76.79,45.83,1
2025-04-28 09:53:04,5.71,6.08,769.94,5200,2.8,78.22,4.72,3.73,69.01,49.92,1
2025-04-28 09:53:07,5.97,5.09,769.88,5200,2.54,119.11,14.06,2.14,63.67,40.08,0
2025-04-28 09:53:10,7.33,4.69,777.83,5200,1.97,117.3,0.54,2.24,92.98,66.25,1
2025-04-28 09:53:14,6.58,4.06,780.11,5200,0.82,104.75,14.9,3.02,63.8,7.98,0
2025-04-28 09:53:17,2.28,4.86,778.71,5200,2.53,76.05,10.84,2.7,89.71,43.93,0
2025-04-28 09:53:20,5.03,5.45,760.94,5200,1.9,83.49,1.41,1.72,71.73,55.4,1
2025-04-28 09:53:23,5.72,3.25,786.29,5200,1.26,141.05,8.38,2.77,54.54,61.75,1
2025-04-28 09:53:26,6.25,4.82,769.61,5200,0.72,105.44,6.33,1.58,90.92,53.57,1
2025-04-28 09:53:29,5.99,4.85,778.43,5200,0.58,74.35,12.19,4.41,95.97,55.47,1
2025-04-28 09:53:32,6.35,4.39,763.12,5200,2.74,79.01,-4.18,2.24,77.73,63.96,1
2025-04-28 09:53:36,4.06,5.12,780.24,5200,0.75,103.69,14.28,4.23,99.36,54.3,1
2025-04-28 09:53:39,2.28,5.58,768.76,5200,0.56,33.72,6.36,2.97,59.69,52.91,1
2025-04-28 09:53:42,4.72,5.14,789.35,5200,0.08,126.18,1.56,1.84,85.44,49.34,1
2025-04-28 09:53:45,3.47,5.81,782.96,5200,2.84,83.27,3.39,1.64,87.9,33.4,0
2025-04-28 09:53:48,3.69,4.15,773.24,5200,1.6,97.83,11.21,3.57,68.69,24.73,0
2025-04-28 09:53:51,2.44,4.46,772.25,5200,0.43,136.83,-3.04,4.16,93.96,20.35,0
2025-04-28 09:53:54,5.85,4.75,768.91,5200,1.66,48.13,2.17,3.68,51.59,65.31,1
2025-04-28 09:53:58,7.56,3.93,766.02,5200,0.51,57.43,-0.89,1.3,74.17,22.58,0
2025-04-28 09:54:01,7.22,4.71,777.49,5200,1.86,30.21,0.42,1.01,99.96,64.13,1
2025-04-28 09:54:04,6.64,6.25,783.82,5200,2.64,65.11,9.05,2.79,63.54,40.44,0
2025-04-28 09:54:07,7.82,5.2,764.11,5200,1.52,103.7,6.16,1.86,82.81,73.84,1
2025-04-28 09:54:10,3.54,5.79,782.57,5200,1.27,47.4,8.28,2.33,79.87,79.34,1
2025-04-28 09:54:13,2.99,3.04,779.43,5200,1.99,92.99,11.87,2.98,50.28,78.85,1
2025-04-28 09:54:17,2.57,4.13,776.59,5200,0.82,109.45,5.67,3.65,64.9,68.81,1
2025-04-28 09:54:20,4.73,6.92,763.04,5200,1.94,30.66,14.88,3.51,54.13,28.31,0
2025-04-28 09:54:23,6.74,3.1,788.68,5200,2.88,140.45,0.31,2.3,87.27,6.6,0
2025-04-28 09:54:26,4.34,6.1,788.87,5200,0.34,28.25,-0.08,2.69,88.45,15.78,0
2025-04-28 09:54:29,4.22,5.34,774.16,5200,1.98,133.44,-3.04,2.09,81.45,10.86,0
2025-04-28 09:54:32,4.31,6.73,785.9,5200,0.64,109.54,-2.56,1.78,61.23,55.99,1
2025-04-28 09:54:35,2.29,4.37,785.04,5200,2.64,48.44,6.59,1.48,52.98,77.57,1
2025-04-28 09:54:39,5.14,6.96,786.25,5200,1.8,145.25,2.52,1.14,66.35,53.73,1
2025-04-28 09:54:42,7.32,6.16,769.59,5200,2.2,93.28,-4.44,3.43,97.51,34.15,0
2025-04-28 09:54:45,6.6,5.36,761.77,5200,0.41,85.1,12.69,3.05,98.32,72.52,1
2025-04-28 09:54:48,4.12,6.57,765.34,5200,0.07,143.36,9.1,3.29,70.0,73.16,1
2025-04-28 09:54:51,4.59,5.67,787.07,5200,0.14,20.49,-4.91,2.66,72.44,15.68,0
2025-04-28 09:54:54,5.54,6.18,767.69,5200,2.32,111.63,12.48,3.37,71.27,51.02,1
2025-04-28 09:54:58,5.36,5.67,773.34,5200,1.32,64.27,6.32,3.05,92.49,46.17,1
2025-04-28 09:55:01,3.08,4.2,760.45,5200,0.24,148.26,-4.26,2.49,97.69,42.56,0
2025-04-28 09:55:04,3.16,6.51,780.76,5200,0.09,125.37,1.05,2.66,92.4,13.82,1
2025-04-28 09:55:07,4.96,5.94,763.68,5200,2.42,127.86,13.64,1.2,53.03,44.44,0
2025-04-28 09:55:10,3.83,6.21,778.42,5200,2.14,100.55,-0.04,2.8,74.79,29.71,0
2025-04-28 09:55:13,3.21,3.97,776.57,5200,2.48,149.08,12.24,1.74,88.38,53.5,1
2025-04-28 09:55:17,6.66,6.67,785.51,5200,2.73,142.85,-4.91,4.0,58.04,55.71,1
2025-04-28 09:55:20,4.69,3.83,779.61,5200,2.09,50.01,1.92,2.61,53.77,55.47,1
2025-04-28 09:55:23,7.02,4.54,769.41,5200,2.76,52.42,15.0,1.35,69.88,36.18,0
2025-04-28 09:55:26,2.83,5.27,770.94,5200,2.2,31.02,4.21,2.21,75.4,49.51,1
2025-04-28 09:55:29,5.2,6.58,780.25,5200,1.71,51.54,13.14,1.04,82.59,28.43,0
2025-04-28 09:55:32,6.92,5.22,771.21,5200,2.07,91.73,2.77,3.47,59.31,28.73,0
2025-04-28 09:55:35,2.61,4.74,788.39,5200,0.2,34.42,2.94,1.48,99.18,38.69,0
2025-04-28 09:55:38,4.45,3.23,779.05,5200,0.64,61.99,13.79,2.46,96.86,37.5,0
2025-04-28 09:55:42,5.5,6.5,765.14,5200,0.18,88.91,0.83,3.06,51.08,37.45,0
2025-04-28 09:55:45,4.73,4.52,769.98,5200,2.15,54.59,0.07,3.54,64.64,17.33,0
2025-04-28 09:55:48,5.21,5.81,787.84,5200,1.33,119.57,-4.78,2.97,55.39,50.89,1
2025-04-28 09:55:51,4.38,6.9,773.49,5200,0.99,86.92,11.56,3.87,74.71,31.86,0
2025-04-28 09:55:54,4.03,5.78,763.57,5200,2.19,130.17,-1.12,3.45,99.18,18.85,0
2025-04-28 09:55:57,2.96,3.25,769.14,5200,0.4,58.84,13.04,3.62,71.62,27.8,0
2025-04-28 09:56:00,3.75,3.07,772.23,5200,1.49,47.7,-1.56,2.22,76.61,74.81,1
2025-04-28 09:56:04,7.24,3.54,769.15,5200,2.54,142.92,2.31,1.17,86.8,11.39,0
2025-04-28 09:56:07,3.45,3.2,788.65,5200,0.31,93.97,3.28,1.26,74.23,21.71,0
2025-04-28 09:56:10,2.9,6.07,778.87,5200,2.52,24.16,7.12,2.49,66.62,13.87,0
2025-04-28 09:56:13,3.13,5.23,765.6,5200,0.64,143.3,7.94,2.59,98.05,13.03,0
2025-04-28 09:56:16,2.29,3.66,775.92,5200,0.5,135.62,-0.8,3.98,90.45,51.34,1
2025-04-28 09:56:19,5.02,6.78,785.94,5200,0.33,135.61,8.2,3.28,89.78,13.55,1
2025-04-28 09:56:22,7.75,6.96,769.65,5200,1.94,86.96,10.19,3.78,55.04,63.87,1
2025-04-28 09:56:26,3.49,6.11,768.52,5200,2.08,37.1,10.56,3.64,86.79,27.76,0
2025-04-28 09:56:29,7.32,3.44,765.06,5200,1.48,61.45,3.16,4.01,81.76,76.45,1
2025-04-28 09:56:32,6.71,3.32,764.76,5200,2.53,148.72,13.26,4.16,61.47,55.96,1
2025-04-28 09:56:35,4.16,3.26,763.97,5200,0.92,51.13,6.74,1.77,53.62,21.46,0
2025-04-28 09:56:38,5.56,4.21,762.63,5200,2.42,74.6,14.65,3.51,52.24,49.37,1
2025-04-28 09:56:41,7.18,5.63,762.63,5200,2.15,134.57,9.65,3.8,65.55,50.89,1
2025-04-28 09:56:45,2.14,6.13,783.06,5200,0.12,149.73,3.84,4.13,93.87,14.57,0
2025-04-28 09:56:48,3.71,5.01,767.39,5200,1.79,128.97,-2.91,2.57,91.04,45.67,1
2025-04-28 09:56:51,3.48,3.76,760.95,5200,1.28,24.1,3.21,4.42,62.61,29.03,0
2025-04-28 09:56:54,3.24,5.53,781.63,5200,2.47,100.46,2.72,2.86,52.2,6.83,0
2025-04-28 09:56:57,7.1,6.48,777.4,5200,2.16,31.74,2.31,1.55,84.26,69.89,1
2025-04-28 09:57:00,2.85,3.14,788.39,5200,1.71,125.88,-0.46,3.03,71.95,14.93,0
2025-04-28 09:57:04,5.85,4.27,786.19,5200,0.58,91.84,-3.13,4.34,65.65,48.5,1
2025-04-28 09:57:07,3.07,6.96,773.83,5200,2.23,70.59,-2.43,2.78,66.33,16.39,0
2025-04-28 09:57:10,6.11,4.48,767.58,5200,1.2,67.92,3.55,3.51,69.53,62.34,1
2025-04-28 09:57:13,7.07,4.18,768.45,5200,0.8,140.78,3.52,1.54,94.44,13.84,0
2025-04-28 09:57:16,5.82,4.39,783.88,5200,0.02,121.04,5.69,3.14,67.2,31.63,0
2025-04-28 09:57:19,6.77,3.38,778.03,5200,1.1,63.13,10.18,3.93,66.12,42.15,0
2025-04-28 09:57:23,3.44,3.2,764.81,5200,2.94,79.57,5.83,4.01,56.38,55.08,1
2025-04-28 09:57:26,7.03,4.83,765.8,5200,1.71,143.18,10.66,1.9,56.8,30.28,0
2025-04-28 09:57:29,4.18,3.82,768.59,5200,2.56,147.23,8.71,2.45,92.42,71.13,1
2025-04-28 09:57:32,2.52,3.78,785.53,5200,1.05,109.07,10.66,4.43,86.86,34.89,0
2025-04-28 09:57:35,2.71,6.18,767.62,5200,1.72,31.58,-2.41,4.13,59.71,77.94,1
2025-04-28 09:57:39,5.48,6.34,767.71,5200,1.0,101.58,-0.78,4.19,64.17,54.93,1
2025-04-28 09:57:42,2.83,6.89,766.84,5200,2.81,112.16,-4.12,1.68,81.88,77.27,1
2025-04-28 09:57:45,6.75,6.02,769.83,5200,0.93,44.7,12.4,3.49,58.78,39.18,0
2025-04-28 09:57:48,3.35,3.59,762.64,5200,2.62,123.54,11.25,4.17,72.99,40.74,0
2025-04-28 09:57:51,4.35,5.42,762.47,5200,1.24,92.96,4.06,1.5,90.66,13.83,0
2025-04-28 09:57:54,6.39,4.82,785.68,5200,2.99,48.05,7.58,4.35,60.97,69.38,1
2025-04-28 09:57:57,5.34,6.61,785.55,5200,1.41,97.53,-4.56,3.12,56.65,21.67,0
2025-04-28 09:58:01,4.7,6.11,782.58,5200,1.55,131.36,6.09,1.69,63.57,25.09,0
2025-04-28 09:58:04,4.91,3.3,761.95,5200,2.57,92.94,-3.75,2.24,94.79,27.51,0
2025-04-28 09:58:07,6.37,6.5,760.61,5200,0.66,40.72,9.21,3.07,95.86,58.03,1
2025-04-28 09:58:10,6.85,4.36,774.68,5200,0.78,28.41,0.13,3.59,51.73,60.29,1
2025-04-28 09:58:13,3.7,4.72,783.38,5200,1.03,68.37,11.38,1.08,51.55,35.48,0
2025-04-28 09:58:16,2.56,6.31,776.28,5200,1.39,138.3,3.64,3.34,64.16,36.78,1
2025-04-28 09:58:19,5.17,5.98,774.77,5200,1.46,32.77,7.79,2.36,65.13,69.5,1
2025-04-28 09:58:23,7.44,3.49,769.35,5200,2.49,73.32,1.46,1.21,56.55,51.83,1
2025-04-28 09:58:26,2.76,4.5,786.93,5200,0.71,124.55,11.56,1.85,69.72,60.05,1
2025-04-28 09:58:29,7.63,3.15,761.74,5200,2.1,85.95,4.53,3.15,59.78,58.29,1
2025-04-28 09:58:32,2.69,4.96,780.1,5200,0.92,99.6,3.88,2.49,97.08,39.86,0
2025-04-28 09:58:35,2.74,4.04,766.81,5200,2.15,81.77,1.94,3.1,67.64,30.58,0
2025-04-28 09:58:38,7.28,6.13,771.42,5200,2.33,79.69,-0.89,1.94,76.86,55.39,1
2025-04-28 09:58:41,3.7,3.63,771.4,5200,2.34,104.88,5.16,3.44,98.96,40.62,0
2025-04-28 09:58:45,2.53,6.37,760.0,5200,2.91,79.77,7.41,3.91,77.59,57.97,1
2025-04-28 09:58:48,7.17,6.64,765.22,5200,2.98,67.3,10.55,3.68,71.76,78.07,1
2025-04-28 09:58:51,4.19,3.21,779.78,5200,1.91,41.76,3.65,4.22,67.61,15.16,0
2025-04-28 09:58:54,2.24,4.87,785.52,5200,1.97,25.32,7.24,3.16,79.59,38.51,0
2025-04-28 09:58:57,4.07,5.92,775.78,5200,1.33,103.55,0.79,3.69,85.96,64.31,1
2025-04-28 09:59:00,3.66,6.82,778.37,5200,2.86,29.16,-1.2,2.0,75.11,18.63,0
2025-04-28 09:59:03,7.13,3.98,767.31,5200,2.63,53.93,1.18,2.47,55.46,39.2,0
2025-04-28 09:59:07,3.47,3.48,781.75,5200,1.14,140.81,-4.91,2.03,75.07,49.21,1
2025-04-28 09:59:10,3.0,5.7,771.38,5200,2.68,144.81,14.33,2.17,78.87,38.49,0
2025-04-28 09:59:13,4.15,4.06,760.12,5200,0.92,100.59,-0.44,4.33,73.63,13.26,0
2025-04-28 09:59:16,7.32,6.97,770.29,5200,1.31,99.01,10.28,1.71,99.45,22.79,0
2025-04-28 09:59:19,7.17,5.66,789.8,5200,0.41,134.83,14.8,2.09,67.72,6.69,0
2025-04-28 09:59:22,5.91,6.31,776.27,5200,1.12,144.17,12.05,4.23,79.13,54.55,1
2025-04-28 09:59:26,4.85,3.81,761.04,5200,0.73,90.18,-2.07,1.85,83.21,42.56,0
2025-04-28 09:59:29,7.57,5.13,766.65,5200,1.04,63.59,5.33,3.29,58.27,19.16,0
2025-04-28 09:59:32,7.81,6.29,772.27,5200,1.13,116.32,7.85,1.52,68.89,14.68,1
2025-04-28 09:59:35,5.42,4.83,771.69,5200,2.64,105.17,4.36,2.62,59.43,24.76,0
2025-04-28 09:59:38,3.21,4.95,776.54,5200,0.46,61.86,1.72,2.33,53.26,57.13,1
2025-04-28 09:59:41,5.36,5.34,765.49,5200,0.33,119.93,10.54,1.22,92.9,12.16,0
2025-04-28 09:59:44,2.7,4.12,777.74,5200,1.38,31.66,12.2,2.23,80.93,17.07,0
2025-04-28 09:59:48,5.01,5.35,786.76,5200,2.18,65.91,-2.35,4.04,91.94,50.63,1
2025-04-28 09:59:51,4.71,5.36,786.01,5200,1.92,92.22,-4.8,4.28,66.08,54.28,1
2025-04-28 09:59:54,2.73,4.29,776.71,5200,2.85,134.02,0.54,1.12,77.94,12.37,0
2025-04-28 09:59:57,5.78,4.94,769.09,5200,2.07,140.76,12.55,4.38,88.01,42.13,0
2025-04-28 10:00:00,2.74,3.56,789.0,5200,0.6,118.29,-4.58,1.89,96.09,63.13,1
2025-04-28 10:00:03,7.1,3.72,786.07,5200,1.99,115.06,-3.26,2.46,60.07,46.56,1
2025-04-28 10:00:07,7.85,5.69,764.45,5200,2.8,145.97,7.25,1.65,63.3,22.7,0
2025-04-28 10:00:10,5.53,3.0,772.71,5200,2.03,95.75,11.21,2.97,74.56,14.8,0
2025-04-28 10:00:13,6.96,5.27,767.13,5200,2.91,88.52,11.26,2.03,52.74,48.34,1
2025-04-28 10:00:16,7.54,4.38,786.56,5200,0.54,87.71,-1.98,4.21,57.78,35.01,0
2025-04-28 10:00:19,2.32,6.94,765.41,5200,0.83,73.96,9.6,1.21,59.25,60.22,1
2025-04-28 10:00:22,5.63,5.8,773.02,5200,0.63,60.86,1.17,2.14,72.95,58.09,1
2025-04-28 10:00:26,2.51,3.47,785.18,5200,1.46,97.47,-3.81,2.35,86.64,42.0,0
2025-04-28 10:00:29,4.11,3.82,774.48,5200,0.55,20.65,11.74,2.59,76.99,26.38,0
2025-04-28 10:00:32,4.57,6.35,783.25,5200,1.6,46.97,5.19,1.72,59.36,37.13,0
2025-04-28 10:00:35,7.25,6.85,770.13,5200,2.91,127.24,-3.66,2.26,97.12,46.11,1
2025-04-28 10:00:38,3.58,4.7,769.39,5200,2.67,124.06,3.73,2.28,92.67,25.93,0
2025-04-28 10:00:41,4.21,3.35,784.14,5200,2.47,26.63,2.08,3.54,92.37,52.94,1
2025-04-28 10:00:44,3.61,6.41,783.21,5200,1.01,91.35,12.55,1.91,81.78,56.49,1
2025-04-28 10:00:48,3.69,4.28,779.51,5200,2.89,121.25,-4.88,2.53,80.32,71.15,1
2025-04-28 10:00:51,5.25,3.49,783.74,5200,2.44,73.11,9.6,3.37,61.32,17.3,0
2025-04-28 10:00:54,7.19,3.78,774.87,5200,1.47,133.5,11.03,2.35,65.88,13.01,0
2025-04-28 10:00:57,6.5,5.14,781.48,5200,1.23,96.41,9.41,4.05,50.39,60.55,1
2025-04-28 10:01:00,3.87,5.41,789.41,5200,2.4,71.57,-1.21,1.57,60.12,67.14,1
2025-04-28 10:01:03,6.72,3.13,763.34,5200,2.8,117.07,11.58,3.09,60.29,49.76,1
2025-04-28 10:01:06,7.04,6.99,762.17,5200,0.19,57.58,6.7,3.5,55.17,25.98,0
2025-04-28 10:01:10,6.52,5.62,766.43,5200,1.21,90.7,-3.3,2.54,57.81,10.48,0
2025-04-28 10:01:13,6.64,3.64,772.21,5200,1.69,42.54,9.11,2.64,82.43,72.22,1
2025-04-28 10:01:16,2.69,5.13,788.71,5200,0.19,83.17,5.83,1.54,96.91,56.19,1
2025-04-28 10:01:19,5.92,6.99,760.09,5200,0.14,102.38,7.94,3.15,69.8,18.88,0
2025-04-28 10:01:22,7.73,6.92,782.12,5200,0.36,23.46,9.87,1.9,63.18,63.07,1
2025-04-28 10:01:25,3.99,3.68,775.13,5200,2.76,106.14,9.14,2.38,62.61,28.53,0
2025-04-28 10:01:28,7.55,6.62,788.1,5200,1.69,123.8,8.01,1.5,60.04,37.98,1
2025-04-28 10:01:31,5.98,6.81,779.37,5200,1.04,71.48,9.06,2.13,50.71,19.92,0
2025-04-28 10:01:34,6.47,6.26,760.41,5200,1.06,115.14,7.82,4.12,87.78,72.37,1
2025-04-28 10:01:37,5.2,5.41,780.02,5200,0.52,142.79,-0.07,3.73,71.56,59.63,1
2025-04-28 10:01:41,4.43,4.5,762.09,5200,0.96,126.22,-2.75,2.97,93.27,68.11,1
2025-04-28 10:01:44,2.3,5.0,760.43,5200,1.53,33.69,5.29,3.4,57.65,55.35,1
2025-04-28 10:01:47,4.35,6.91,767.88,5200,0.29,60.49,1.6,4.43,83.57,44.58,0
2025-04-28 10:01:50,3.68,5.43,785.44,5200,1.26,133.09,8.53,3.13,71.72,26.46,0
2025-04-28 10:01:53,2.67,5.74,785.75,5200,2.19,120.23,11.61,1.54,53.12,73.02,1
2025-04-28 10:01:56,2.89,3.19,787.52,5200,0.48,149.91,3.12,3.29,51.19,13.54,0
2025-04-28 10:01:59,5.47,4.79,772.18,5200,0.83,107.27,1.85,3.93,71.29,58.0,1
2025-04-28 10:02:02,3.88,6.9,765.57,5200,0.44,79.58,4.76,4.3,91.37,51.24,1
